page_size,stockCode,x1,x2,x3,x4,x5,total_words_num
1460,000012,0.00020765716571041824,0.004243897186629955,0.0036778391349156295,0.00013074710433618925,0.00016766393379581918,650110
1879,000027,0.0018789252185173195,0.004507607640012949,0.0025199093557785692,0.00030819035286500486,0.0007795403043056005,772250
770,000050,0.0003748865474922063,0.0006821243946850671,0.001398073139519807,1.1274783383224249e-05,9.865435460321219e-05,354774
391,000153,0.00039426805926924205,0.0006236603846622557,0.0017204424404476018,1.4337020337063348e-05,0.00012903318303357012,139499
1619,000423,0.00045708586981363364,0.0010942358701599107,0.002100171060924006,5.7135733726704205e-05,0.0007289134514831051,577572
93,000519,0.0006905812392096681,0.003874928064454249,0.0031076155764435064,3.836562440053712e-05,0.00015346249760214847,26065
641,000543,0.00047337617626807437,0.003166599724581134,0.002605362061051182,0.0003263426669726876,0.0001757229745237549,557696
248,000545,0.0020497053548552396,0.007709687187012321,0.0012344816341741784,2.3292106305173177e-05,0.0005590105513241562,42933
261,000550,0.000453688487402583,0.0034883603698065272,0.002540655529454465,0.0001209835966406888,0.0014719670924617137,99187
834,000553,0.0007964661281238705,0.00200272353588931,0.005320982154115145,8.405974967006549e-05,0.00038667484848230123,475852
302,000570,0.0007387970346215576,0.0030698290576516444,0.004636588286245637,0.00010190303925814588,0.00029297123786716937,78506
267,000576,0.00016724187736609248,0.002087989499237276,0.00019258155575489435,0.0,6.58831638108849e-05,197319
353,000590,0.00012986076040689704,0.0002837698097780343,0.0001971959695067696,1.4428973378544116e-05,1.4428973378544116e-05,207915
5993,000591,0.0007220423094975836,0.005968568604928167,0.004328421047665996,4.7173037778527306e-05,0.0003387613775470492,3391768
2216,000597,0.0016931176894145856,0.001194168202729561,0.0013774316397821176,1.8917516082844532e-05,0.00020691033215611206,845777
122,000599,0.00031417724833093336,0.0017017934284592224,0.005183924597460401,5.236287472182223e-05,0.00013090718680455556,38195
271,000600,0.0008258547596762649,0.005863568793701481,0.0038264603865000276,0.0002752849198920883,0.00105984694158454,72652
140,000623,0.00040852802246904124,0.0011489850631941786,0.0011234520617898634,2.5533001404315077e-05,0.00017873100983020553,39165
273,000637,0.0004419523243930061,0.0026517139463580366,0.000690550506864072,2.7622020274562883e-05,0.00035908626356931746,72406
173,000661,0.0009708401234353871,0.0010401858465379147,0.0028085017856523697,6.934572310252765e-05,0.00020803716930758296,86523
723,000666,0.0009608133523527435,0.004308895814215495,0.004969880886401425,7.041421731190318e-05,0.0004270281566012193,440252
594,000672,0.0013582221940634206,0.005238857034244622,0.0007563278106883771,7.91966293914531e-05,0.0006177337092533342,252536
787,000698,0.0007132634900831147,0.0020159440764728545,0.005687760306772104,7.568390730785461e-05,0.0003669522778562648,436024
219,000707,0.00024546535062787455,0.000749315280864038,4.521730143145057e-05,9.689421735310836e-06,6.136633765696864e-05,309616
336,000716,0.00011011881820484302,0.00013214258184581163,0.0011452357093303675,1.1011881820484302e-05,0.00022023763640968604,90811
416,000725,6.222526434625693e-05,0.0002866806821666837,0.0010267168617132394,1.5556316086564232e-05,0.00024667872651551855,449978
680,000733,0.000572378776589708,0.001751676428356434,0.0037944765448059093,9.868599596374276e-06,0.00046875848082777815,202663
4209,000737,0.0004403273056847154,0.0020296136159986444,0.001549489964902191,5.070824657302116e-05,0.00014955723356346748,1557932
2948,000755,0.0003689482502534142,0.0017439461107339217,0.0006504139257044725,3.0428721670384676e-05,0.00026434951951146687,525819
1839,000756,0.0009980897803247373,0.003600764087870105,0.002878064310729067,4.297994269340974e-05,0.0003931868831582299,628200
385,000766,0.0004609289188765103,0.00036285893613682726,0.0006178408912600031,1.961399654793661e-05,8.826298446571473e-05,101968
993,000778,0.0006013146456195087,0.0026801452776183815,0.0035803992042030175,9.964642698837573e-05,0.0002817588625188555,291029
626,000780,0.00017610318864173566,0.0006796278613506984,0.0001747987205777228,3.6525105792359993e-05,7.82680838407714e-05,766596
516,000782,0.0012629124704510864,0.0018862731129173278,0.0017162656649719892,2.428677827790551e-05,0.0013600595835627084,123524
266,000788,0.0003728223783808211,0.0011975506699505162,0.0008812165307183045,0.0,0.00010167883046749666,88514
377,000789,0.0008408821618315943,0.006351208449591662,0.0020958350851711703,2.548127763126043e-05,0.0005223661914408389,156978
1562,000790,0.000367576418301964,0.00030074434224706145,0.001289302133892495,5.569339671241879e-06,0.0014591669938653724,359109
4265,000792,0.0005678169221842817,0.001303550586597764,0.0013505672744219403,7.440003348001507e-05,0.0002697001213650546,1935483
281,000807,0.0009522215013707805,0.003808886005483122,0.0016009877990080155,7.324780779775234e-05,0.0005336625996693385,95566
349,000811,0.0009465262486673907,0.004782448414319448,0.00354698257395359,3.98537367859954e-05,0.00023912242071597237,100367
893,000821,7.858083020647113e-05,0.0007465178869614758,0.0006482918492033868,1.964520755161778e-05,0.0001080486415338978,101806
1004,000830,0.0009684793306121809,0.001897748971725893,0.003168142911476284,3.5288720548621974e-05,0.000309756547037904,255039
123,000885,0.0016731734523145567,0.0,0.0,0.0,0.0,1793
886,000887,0.0005724499690409711,0.0009638188254261248,0.00300828300057245,1.1682652429407572e-05,0.00022781172237344767,171194
220,000890,0.00025462570022067563,0.0013580037345102699,0.006620268205737566,0.00036071974197929047,0.0002970633169241215,47128
138,000893,0.0007732571972400666,0.00023792529145848205,0.0013680704258862717,0.0,0.0,16812
345,000911,0.0007934917645172925,0.0041277601891556125,0.000817536969502665,3.206027331383e-05,0.0007774616278603775,124765
486,000912,0.0016261609656645416,0.003211870166014045,0.0017313355554836414,9.708423675609203e-05,0.0002912527102682761,123604
284,000922,0.0009571074087203119,0.003633463310882666,0.004289259127968806,8.862105636299185e-05,0.0,56420
1199,000960,0.0003544876525505387,0.0019625725491207095,0.0009410035867705208,8.378799060285459e-05,0.00011923675585790846,310307
1971,000969,0.0005930162707234799,0.0022180348827060027,0.003552963284334615,5.647774006890284e-05,0.00015916454019418075,389534
560,000972,0.0006992798904957448,0.0011530679045408559,0.0007439147771231328,3.719573885615664e-05,9.670892102600726e-05,134424
1135,000973,0.0003476126307838879,0.0012209357217039026,0.001890411899509909,8.583027920589825e-06,0.0001673690444515016,466036
581,000976,0.00022301590185978742,0.0004972428626651556,0.0003023104447432674,1.9823635720869992e-05,2.973545358130499e-05,605338
24417,000983,0.0010948483196718136,0.002881222277620338,0.0015046293306328904,0.0001908436386745441,0.0004033226813951025,6193552
883,000985,0.00023233445008759008,0.0008968109773380978,0.00046157110750734567,1.5488963339172672e-05,0.00020600321241099655,645621
1673,000988,0.00025113843881702154,0.000617035501994139,0.0032847577262491226,4.157921172467244e-05,5.9874064883528315e-05,601262
455,000990,0.000817696677569289,0.0015062833534171113,0.0037298444941757042,1.4345555746829633e-05,0.0009898433465312447,69708
1171,000999,0.0006485627013682581,0.0012636511987949286,0.001372442361605088,2.5105652956190637e-05,0.00042261182476254237,238990
1323,002001,0.0010723553343538446,0.0019400627041363447,0.005318118439327336,6.54873486628302e-05,0.0006003006960759435,366483
693,002006,0.00014976440906420285,0.0009734686589173185,0.004262525488750389,6.912203495270901e-05,0.00023904703754478533,347212
602,002010,0.0008207239601518112,0.002602737862580882,0.004371148605449426,7.255018432281205e-05,0.0002720631912105452,220537
1929,002020,0.0009171310040434968,0.001516609863457345,0.002651081808563233,2.627198188666267e-05,0.00020539913111390816,418697
1008,002021,0.0006668076583357177,0.0015575432616349227,0.0021870295958100593,7.464264832116243e-05,0.00019158279735765024,401915
554,002025,0.0007376567520598127,0.0016128427290799294,0.003225685458159859,3.750797044371929e-05,0.00012502656814573096,79983
115,002026,0.000477617124744909,0.0005644566019712561,0.003734097520732925,4.341973861317355e-05,0.0005644566019712561,23031
289,002031,0.0002892649333021817,0.00040052067687994393,0.001768966322886419,0.0,0.0002113859127977482,89883
1095,002045,0.00031944382425780837,0.0005770598115624924,0.0018136165506249765,3.434879830729122e-06,0.0001889183906901017,291131
535,002047,0.0005131713992473486,0.002506185903301005,0.0024385586646405014,6.76272386605033e-05,0.00015514484163291935,251378
2759,002057,0.000721847463799285,0.002386753710949249,0.003918415712989309,5.7566688421269146e-05,0.0007102047627702642,1546033
296,002064,0.0018406004288777698,0.006862044317369549,0.002305218012866333,0.00010721944245889921,0.0009649749821300929,55960
2790,002067,0.0008107780214057234,0.0037269157589799582,0.0013522830503007869,0.00011392318913912537,0.0007382814464990073,675894
1068,002073,0.0001248262834222374,0.0006091522631005184,0.000960330207128413,1.664350445629832e-06,8.654622317275126e-05,600835
567,002090,0.0003810340311019028,0.0010716582124741015,0.0066323736038674955,3.572194041580339e-05,7.144388083160678e-05,83982
990,002099,0.0005380128236031432,0.001226437834450176,0.002906040592006942,4.2423950248276526e-05,4.820903437304151e-05,518575
528,002101,0.0007109734806891703,0.001153356979784654,0.0020144248619526493,2.3699116022972342e-05,0.0006477758379612441,126587
4649,002103,0.0005303321717880255,0.0011158188894420057,0.0020633457030366114,2.6870163370593294e-05,0.0003181993030728153,707104
4917,002110,0.0006723667620826587,0.006809655974066742,0.0020398923798778967,0.0003947176214999891,0.0013198694220235858,965247
973,002112,0.0005721932536569609,0.0032208942826819254,0.003622352452586406,0.00010613261962992017,0.00032301232061280054,216710
276,002118,0.0004019623068982213,0.0002832007162237468,0.0009318217114458767,0.00010049057672455533,0.00013703260462439364,109463
799,002121,0.0002737823628608273,0.0019442515623450056,0.008332506695764309,0.00030155738518004166,6.745362563237774e-05,252025
973,002128,0.0009577296444141377,0.0030187638391933618,0.00280997877671108,0.0001781377138610296,0.00025475608541416063,522068
235,002136,0.0005751124715922267,0.0019294095821158572,0.0009554287834516024,2.782802281897871e-05,0.00015769212930754603,107805
318,002167,0.0002567826735890996,0.0008385559184394032,0.0006419566839727489,6.41956683972749e-05,2.8085604923807765e-05,249238
191,002176,0.0015599171148518078,0.0046797513445554235,0.005936997974435985,0.0003026704849712463,0.00016297641498451724,42951
1741,002177,0.00027188172057628047,0.0008047698929057903,0.0019412354849146427,1.3594086028814025e-05,0.0004812306454200165,367807
1114,002179,6.32861324262321e-05,0.00010020304300820083,0.0026843867837460116,0.0,1.054768873770535e-05,379230
108,002180,0.00047289215277198255,0.0015021280146874738,0.002308826392945562,2.7817185457175443e-05,0.000250354669114579,35949
496,002182,0.0005480803485791017,0.0028500178126113287,0.002370447507604615,0.00012331807843029787,0.0003562522265764161,72982
917,002184,0.0005112358274067847,0.004976028720092704,0.00622003590011588,0.00015905114630433302,7.952557315216651e-05,176044
192,002189,0.0005647775267655437,0.001080443964247127,0.0030448875356055395,0.0,0.0005647775267655437,40724
1168,002203,0.00082394182328695,0.0011363976835464169,0.0020973064592758727,3.8521955374454806e-05,0.0006805545449487016,467266
777,002205,0.0007743022370531158,0.003975183451314532,0.004127452092073931,1.6198791570148868e-05,0.0007354251372847586,308665
176,002206,0.001791044776119403,0.004427860696517413,0.002139303482587065,0.0,0.00014925373134328358,20100
145,002221,0.000810199991471579,0.0015777578781288645,0.0016630420877574517,0.0,0.0001279263144428809,23451
97,002224,0.0003436426116838488,0.0004725085910652921,0.005240549828178694,4.29553264604811e-05,0.0010738831615120276,23280
274,002225,0.000993779675365306,0.0018587360594795538,0.0021347859693032502,3.6806654643159485e-05,0.0008833597114358276,54338
1039,002233,8.588986695122797e-05,0.0004217805966354945,0.00015184101478877803,1.533747624129071e-06,7.975487645471169e-05,2607991
972,002246,0.0007994604758353023,0.003497081299324255,0.0025591667746012745,2.2331298207690007e-05,0.0006922702444383901,223901
93,002248,0.00021950684129655375,0.0019755615716689837,0.004536474720128777,7.316894709885125e-05,0.0,13667
306,002259,0.0010560617947015872,0.000965542212298594,0.002594894695552471,4.525979120149659e-05,0.00022629895600748294,66284
185,002262,0.000570917464365235,0.0007612232858203133,0.0018459664681142597,0.0,5.709174643652349e-05,52547
2276,002271,0.00046080320851120036,0.0024346019680950067,0.0014184333291305678,6.003950599494467e-05,0.0007970244420828905,666228
130,002272,0.0006257822277847309,0.0031984424975664023,0.005284383256848839,0.0003476567932137394,0.00020859407592824363,14382
234,002273,0.000516338422954931,0.00033193184332816993,0.0009589142140591576,0.0,0.0,27114
651,002275,0.0011676263595649392,0.001583493282149712,0.0023192578374920027,0.00011196417146513116,0.0003785455320963958,187560
370,002286,0.0008017370970435945,0.0016285284783698012,0.005411725405044263,8.351428094204109e-05,0.00025054284282612327,119740
90,002287,0.0007611422772249316,0.002170665012826657,0.002508950469371071,0.0,0.0009020945507851041,35473
170,002294,0.0004942542938341777,0.0008340541208451749,0.009051031755838379,0.0,0.0008340541208451749,32372
135,002295,0.00036064027519627155,0.0016090104585679806,0.00183094293561184,2.7741559630482425e-05,0.00041612339445723637,36047
642,002300,0.0007187842278203724,0.004127875136911281,0.007742332968236582,0.0003491237677984666,0.00037650602409638556,146080
539,002308,0.0002530261106621938,0.001134536431678869,0.0019548307581804974,3.6729596709028136e-05,7.345919341805627e-05,245034
305,002309,0.0006098073849777105,0.0008095718731600639,0.00819034401547649,1.051392043065018e-05,0.00042055681722600723,95112
385,002329,0.00117645023442501,0.0010553450632342,0.0016262694417051608,0.0,0.000916939153301846,57801
212,002330,0.0005069194504993157,0.0006209763268616617,0.001039184873523597,2.5345972524965784e-05,0.00039286257413696964,78908
412,002332,0.0008249651523340824,0.0010667652831906238,0.0027593661991864135,1.4223537109208319e-05,0.0003413648906209996,70306
722,002339,0.0007713096025145853,0.008809167565561316,0.0025111056984121463,0.00013918368767180486,0.000162380968950439,172434
400,002342,0.00011392332959917975,0.00017088499439876962,0.0012721438471908406,0.0,7.594888639945317e-05,52667
469,002347,0.0007460510744850533,0.001989469531960142,0.003996089663333734,2.572589912017425e-05,0.00026583429090846724,116614
132,002361,0.0003695036334523956,0.0025249414952580366,0.0017551422588988792,0.0001231678778174652,0.0002155437861805641,32476
181,002364,0.0006979637665766394,0.0038236275908111552,0.00570509513549601,9.103875216217036e-05,0.00030346250720723455,32953
185,002370,0.0005110991394195572,0.001567831143895128,0.0009600375726934924,0.00013813490254582626,0.0003453372563645656,144786
2285,002374,0.0006092110834078186,0.0027779084536858445,0.00272145646140095,3.7634661523262925e-05,0.0003081337912217152,425140
284,002377,0.000525067091906188,0.002080821438294893,0.0018669052156664464,7.778771731943526e-05,0.0002528100812881646,51422
235,002378,0.0012029926502092878,0.002719092976500445,0.00530635114201905,9.887610823637981e-05,0.0004119837843182492,60682
970,002390,0.000500866543444632,0.0011790309783740896,0.001959141700907322,3.989202558408574e-05,0.0006825968822165783,225609
182,002395,0.0003157230056830141,0.0005788255104188592,0.0008419280151547042,0.0,0.0,19004
139,002402,0.0002320239448711107,0.0006496670456391099,0.0014385484582008863,0.0,0.00018561915589688856,43099
733,002406,0.0001708605156881019,0.0005125815470643057,0.001941596769182976,4.659832246039143e-05,4.659832246039143e-05,64380
672,002411,0.0009190721223961917,0.005211744310833493,0.007336066701521697,0.000297184997661044,0.00032470212707410364,181705
744,002422,0.0011222752813220252,0.0014612174803790127,0.003562659114532335,1.5064097735866111e-05,0.0005121793230194478,132766
456,002437,0.0002854884047786367,0.0007100609041930195,0.0030159287889435465,0.0,0.000358690559850082,136608
612,002438,0.0002591870252514884,0.0007647300349004311,0.004044344077191541,2.0529665366454526e-05,0.00018989940463970439,389680
265,002440,0.00037855323835088445,0.002753114460733705,0.0006538646844242549,3.441393075917131e-05,0.00020648358455502787,29058
706,002443,0.0007198831732450276,0.0020876612024105803,0.002699561899668854,4.627820399432321e-05,0.00027252720129990334,194476
331,002450,0.0005601402014286348,0.0007819779049647278,0.005601402014286348,1.6637827765206975e-05,0.00014419450729846045,180312
372,002455,0.0005509613503187338,0.0005870055508068752,0.001127668558128997,2.059668599322369e-05,0.00012872928745764805,194206
122,002457,0.0006460102883119991,0.009259480799138653,0.001339873190573035,2.392630697451848e-05,0.0007656418231845914,41795
1008,002471,0.0013731167823778528,0.0007275109969791431,0.0021969868518045645,1.9271814489513722e-05,0.0003276208463217333,207557
558,002472,0.0006630518977536793,0.001474825716498838,0.002466305189775368,7.436096049573973e-05,0.0009419054996127034,161375
87,002476,0.0007289112716188456,0.002650586442250348,0.002783115764362865,0.00019879398316877608,0.0003313233052812935,15091
547,002478,0.0005688069972585368,0.0031424255422315885,0.0033382443445664945,0.00010257175360399844,0.00028906585106581377,107242
339,002487,0.00010179567571969543,0.00013572756762626057,0.0014264967357519986,4.6147372992928594e-05,1.6287308115151267e-05,736770
482,002498,0.0010034460449702266,0.001881461334319175,0.004159019791652913,0.00010562589947055019,0.00020465018022419097,151478
567,002512,0.0003021989696903877,0.0009585373569866985,0.0011143587007333047,4.721858901412308e-06,0.00042968916002852003,211781
946,002520,0.0005504862628655312,0.001192720236208651,0.0036532270171985254,6.67256076200644e-05,0.00010842911238260463,119894
966,002529,0.0007430350559093497,0.004466286803455113,0.005160863051370375,9.691761598817606e-05,0.0007995703319024525,247633
201,002534,0.00252835703184802,0.0052654774883440425,0.004476815661896036,6.958780821600055e-05,0.0003247431050080026,43111
362,002541,0.0010832464692296687,0.0017679399922333272,0.0008992989555868948,9.197375682138697e-05,0.0005518425409283218,97854
137,002546,0.0007556437139888542,0.007981486729007272,0.0036837631056956645,0.0,0.0,21174
468,002552,0.0003282091313102641,0.001011238945118111,0.0012862249740537375,7.096413649951656e-05,9.314042915561548e-05,225466
158,002554,0.0005000595308965354,0.002190736992499107,0.0005476842481247768,0.00011906179307060365,9.524943445648291e-05,41995
150,002571,0.0006928312344622407,0.0025267962668622896,0.003015853608835636,0.0,0.0003260382279822309,24537
727,002582,0.0005872298088323852,0.0007966875750401149,0.0017467281574823177,1.4961269014837839e-05,0.0005012025119970676,267357
293,002587,0.0003154011765835196,0.0014261618419428713,0.003112872481932998,5.485237853626428e-05,2.742618926813214e-05,72923
1658,002588,0.0008116379577741476,0.0027657726586571268,0.003903099733245104,2.5848342604272213e-05,0.0003954796418453649,386872
209,002591,0.000548274516833082,0.008181942789662916,0.0023617979186655843,8.4349925666628e-05,0.0010860052929578356,94843
241,002596,0.00021250905578362714,0.0009852692586331804,0.00026080656846172424,3.863801014247766e-05,0.00020284955324800772,103525
334,002598,0.000289779477817381,0.003303486047118143,0.0009272943290156192,5.79558955634762e-05,0.0006954707467617143,34509
897,002600,0.00018006122081507713,0.001560530580397335,0.0026837696245294827,3.4297375393348026e-05,0.0001457638454217291,116627
266,002601,0.00131810866733083,0.005487010498888804,0.005364395739137099,0.0003525174342861522,0.0007969959383860832,65245
806,002603,0.0006872719550570475,0.0006448000926658815,0.006015560145948763,0.0001930539199598448,0.0007606324446417885,258995
1222,002604,0.001100095207016387,0.0018839550945846384,0.00446093652753434,0.00030950690839604776,0.0007838598875682513,297247
282,002613,0.0002365744026496333,0.00833576865806649,0.0051211400102979445,5.566456532932548e-05,9.741298932631959e-05,71859
203,002614,0.00030228984558027054,0.0020152656372018035,0.0022419830213870067,0.0,0.000554198050230496,39697
60,002619,0.00022714366837024418,0.00011357183418512209,0.001249290176036343,0.0,0.0006814310051107325,8805
105,002632,0.00148646257299593,0.005025659175367191,0.00563911991977821,0.00011797322007904206,0.0009201911166165281,84765
265,002637,0.000387076208474692,0.0009107675493522165,0.002094765363510098,4.553837746761083e-05,0.00011384594366902707,43919
87,002648,0.002974714923153198,0.0015581840073659607,0.0021956229194702174,0.0,0.0001416530915787237,14119
1107,002650,0.00012077012380885596,0.00022595700583592405,0.00046749725345363594,3.895810445446966e-06,3.50622940090227e-05,513372
341,002653,0.0004553042950371832,0.0004553042950371832,0.0012033042083125557,0.0,0.0002926956182381892,92246
769,002664,0.0006806560860614915,0.0031750116209575668,0.0036606016335746067,4.980410385815791e-05,0.0002531708612789694,240944
123,002670,0.0016154436412099673,0.0030289568272686886,0.0019385323694519608,0.0,0.0008481079116352329,24761
148,002671,0.00022991148407862974,0.0003448672261179446,0.0009771238073341764,0.0,0.0,34796
173,002675,0.00019044898347855068,0.0006665714421749273,0.0018092653430462314,0.0,0.0,21003
195,002688,0.0010311936065996391,0.002504327330313409,0.0009943652635067948,0.0,0.0003682834309284425,27153
366,002689,0.0008071549180784146,0.002365798897816043,0.0014102016959530923,2.7832928209600504e-05,0.00024121871114987105,107786
307,002690,0.0007141129450248212,0.0006334872899413736,0.0042961956208751335,2.3035901452413586e-05,0.00010366155653586113,86821
194,002694,0.000697021259148404,0.003608110047356444,0.0021115644027142827,0.00016400500215256564,0.0006355193833411919,48779
1170,002695,0.0003455136835332944,0.0006135846448953332,0.0013701404691837536,1.1914264949423945e-05,0.0009710125933780515,167866
99,002723,0.0004027994562207341,0.0007552489804138764,0.002970645989627914,0.0,0.00035244952419314236,19861
190,002743,0.000248721846068813,0.0023490396573165677,0.003896642255078071,0.0,0.00011054304269725024,36185
570,002745,0.00034239037393920125,0.0022499938858861796,0.0012472792193499475,0.00022826024929280083,0.00019565164225097213,122667
178,002749,0.0007349374568224244,0.0010877074360971881,0.0005438537180485941,1.4698749136448488e-05,0.001028912439551394,68033
150,002756,0.00023069115068745963,0.0008304881424748547,0.0034142290301744024,0.0,0.0005075205315124111,21674
148,002787,0.0010231316725978648,0.0046040925266903916,0.002090747330960854,0.00022241992882562276,0.0008229537366548043,44960
201,002810,0.0007595753973528797,0.0033231423634188487,0.0020888323427204194,0.0,0.00011393630960293196,52661
180,300001,0.0008336539694754392,0.0011542901115813775,0.00957633277756402,0.0,0.0003420118849130007,46782
258,300006,0.00033521748679358695,0.0003467767104761244,0.002404318525967796,4.6236894730149924e-05,0.0002658621446983621,86511
1210,300024,0.0002964995942136964,0.0014920011631907157,0.0038164819562891174,5.3217875884509604e-05,5.1317237460062833e-05,526139
234,300031,0.0008979836186018668,0.002176929984489374,0.0035647228496013495,0.0,0.0005714441209284607,36749
229,300034,0.00022681394452130917,0.0010433441447980222,0.002426909206378008,9.072557780852367e-05,6.804418335639275e-05,44089
378,300035,0.00019557641704003983,0.004711613683237323,0.0071829884076523715,0.0,0.0003022544626982434,56244
322,300041,0.0006952125138252489,0.002385842945173013,0.003412861431505767,7.900142202559646e-05,0.000379206825722863,63290
879,300062,0.0004229529612061119,0.0014508892719855232,0.00466854407812316,0.00018738422331916353,8.56613592316176e-05,186782
337,300064,0.0003068319313622759,0.0002720962410193767,0.0008973386671915616,2.3157126895266103e-05,0.00011578563447633053,172733
791,300066,0.00023667106678224462,0.0010560277387122647,0.0006179344874344928,5.107491106850872e-05,4.675872140074742e-05,1390115
290,300067,0.0008225806451612903,0.003338709677419355,0.0023548387096774194,3.2258064516129034e-05,0.00037096774193548385,62000
661,300073,0.0008392946021645993,0.002537402285613905,0.008280714766705378,0.00010247201538056155,0.00010735163516058829,204934
1000,300080,0.00016901979785232177,0.0011380666388723,0.004540998568965711,0.0,5.633993261744059e-05,88747
3364,300088,0.00043770517430045334,0.001942236954184519,0.0005806293128475401,3.6369088826714054e-05,0.0001761029564240891,1567265
527,300099,0.0007049203440011279,0.0009633911368015414,0.0019502796184031205,1.1748672400018797e-05,0.00031721415480050755,85116
216,300103,0.00033099187231069106,0.003034092162848001,0.0035857452833658195,9.194218675296973e-05,0.00029421499760950314,54382
369,300110,0.0006555944055944056,0.0017482517482517483,0.002003205128205128,1.821095571095571e-05,0.0006738053613053613,54912
268,300114,0.0,0.0001998001998001998,4.44000444000444e-05,0.0,4.44000444000444e-05,45045
251,300130,0.00024827372177826056,0.0005508573201955156,0.0024129102335324697,1.5517107611141285e-05,0.00024051516797268989,128890
99,300135,0.0006134969325153375,0.0010978366160800774,0.0010009686793671295,3.228931223764934e-05,0.00019373587342589604,30970
94,300138,0.0007947639083683964,0.0008882655446470313,0.0031323048153342682,0.0,0.00018700327255726976,21390
192,300140,0.000937764461014158,0.0076164772077491364,0.0038882916676196795,0.00011436151963587292,0.0005718075981793646,43721
524,300145,0.0011168597526004722,0.008922803861316204,0.0022940903026388076,0.0002716685884703851,0.000917636121055523,165643
275,300149,0.0006396139646350152,0.00032385517196709633,0.00087440896431116,3.238551719670963e-05,0.0001943131031802578,123512
323,300151,0.0001841950916855305,0.0008434196303495344,0.0001308754598818243,0.0,2.908343552929429e-05,206303
1014,300158,0.0002699084666119604,0.0005361940007861764,0.0003242524531781269,2.8983459501955478e-05,0.00023186767601564382,552039
64,300159,0.0005679513184584179,0.0007302231237322516,0.002434077079107505,0.00032454361054766733,0.0,12325
1324,300162,0.0004581340611766531,0.0057909114928625625,0.0026494207876512268,5.332777431685909e-05,0.00017695125114230517,412543
150,300169,0.0005633273870998028,0.0030044127311989483,0.004381435232998466,6.25919318999781e-05,0.00043814352329984665,31953
116,300173,0.0003794106487922094,0.0024661692171493613,0.0036202099405589984,3.161755406601745e-05,0.0004742633109902618,63256
479,300185,0.00022275258552108195,0.0017501988862370723,0.003564041368337311,0.00017501988862370725,7.955449482895784e-05,62850
299,300193,0.0002781607527271848,0.0017899039740705803,0.001838279757153569,2.4187891541494327e-05,0.00020559707810270179,82686
242,300194,0.000821414992935831,0.0007087637939046313,0.0019009889836514948,1.408139987889996e-05,0.00022530239806239937,213047
342,300201,0.0006220682930109787,0.0006725062627145716,0.0008238201718253501,0.0,0.00010928226769111788,118958
428,300202,0.00024231305115401591,0.0007788633787093369,0.001600996945124748,8.654037541214854e-06,0.00014711863820065252,115553
334,300217,0.00048039614204944384,0.002180259413916707,0.0036399246147592475,7.390709877683752e-05,0.00018476774694209378,54122
183,300218,0.001882259702305768,0.002204225177700176,0.006365009782797137,0.0,0.0009658964261832231,40377
88,300222,0.00031456432840515884,0.0011324315822585718,0.007172066687637622,0.0,0.0004403900597672224,15895
109,300227,0.0009160654986831558,0.00034352456200618345,0.004179548837741898,5.725409366769724e-05,5.725409366769724e-05,17466
294,300228,0.0002567140600315956,0.0021919431279620854,0.004383886255924171,1.9747235387045812e-05,5.924170616113744e-05,50640
1949,300232,0.00029567440281725996,0.005450750986465272,0.002673002673002673,7.027239170096314e-05,0.00026650473079044507,754208
791,300233,0.00036243139691415554,0.0007041524282903593,0.0031376203789996895,3.106554830692762e-05,0.0011597804701252976,96570
322,300236,0.0005231617996765909,0.0007768160055803925,0.004090174070198802,1.58533878689876e-05,0.00023780081803481405,63078
260,300252,0.00024345709068776628,0.00045213459699156597,0.001078167115902965,3.477958438396661e-05,0.0,57505
939,300272,0.00046444072891861307,0.002164575275990385,0.00044755197513975445,7.318459970838752e-05,0.0006783649434508228,355266
127,300276,0.00039217395093468126,0.0020915944049849666,0.004183188809969933,8.714976687437362e-05,8.714976687437362e-05,22949
436,300283,0.0007260406582768635,0.0033001848103493795,0.004334242717592185,0.00022001232068995864,0.00036302032913843176,90904
156,300285,0.0003008725303379801,0.0006619195667435563,0.001805235182027881,0.0,4.0116337378397355e-05,49855
812,300286,0.0019150174432403786,0.00824530430570051,0.003121250841274641,0.0002275912071762759,5.202084735457735e-05,307569
209,300301,0.00022272707024811796,0.004320905162813488,0.001403180542563143,0.00011136353512405898,0.00028954519132255333,44898
475,300306,0.00012533193379340597,0.003235130541042292,0.0027103030682824043,4.699947517252724e-05,1.5666491724175747e-05,127661
121,300323,0.0006454736162659351,0.0016136840406648378,0.003792157495562369,0.0,8.068420203324189e-05,12394
371,300334,0.0013833207382834014,0.009721670744047237,0.004188387790913632,0.0002305534563805669,0.0008837882494588398,78073
252,300338,0.00048383115280177736,0.0015008639842014318,0.0011256479881510738,5.924463095531967e-05,0.00041471241668723774,101275
493,300340,0.0006338789664044148,0.0022372198814273464,0.0049684924866698985,0.00018643499011894552,0.0005499832208508893,107276
149,300351,0.001309964766464902,0.0004065407895925558,0.008989068569879844,0.0,0.0008130815791851115,22138
100,300356,0.0008650519031141869,0.0043664524633382764,0.0015241390673916627,0.0,0.00020596473883671115,24276
411,300361,0.0012032535977282571,0.0008823859716673887,0.004203365901397378,0.0,0.0003208676260608686,62331
89,300368,0.0004302463160159191,0.0018285468430676562,0.006077229213724857,0.0,5.378078950198989e-05,18594
420,300372,0.0011017686285879965,0.0017686285879965208,0.0027979124383879384,0.00011597564511452595,8.698173383589446e-05,68980
735,300381,0.001042314931829549,0.0011339470137486302,0.0013133931741734976,6.872406143931093e-05,0.00025580622869076844,261917
130,300394,0.00039901334881021474,0.0007617527568195008,0.003010737086477075,0.0,0.0002539175856065003,27568
90,300395,0.0008974116757982241,0.0011808048365766106,0.006848668052144341,9.446438692612885e-05,0.0008974116757982241,21172
92,300398,0.0003804933730737523,0.0007609867461475046,0.0027268691736952247,0.0,0.00025366224871583486,15769
69,300400,0.0,0.001258766408919259,0.004585506203920158,8.991188635137565e-05,8.991188635137565e-05,11122
1427,300406,0.0001585221272329851,0.0001942454235108409,0.002625662276422401,1.7861648138927898e-05,8.037741662517554e-05,447887
63,300408,0.00010666666666666667,0.0011733333333333333,0.007893333333333334,0.0,0.00010666666666666667,9375
452,300409,6.729112833763997e-05,0.00040374677002583977,0.0008882428940568476,2.6916451335055986e-05,0.00014804048234280792,74304
257,300415,0.0003035744274069577,0.00338453191406906,0.00322305615481004,9.042642518505122e-05,0.00020022994148118485,154822
72,300429,0.001076531610882756,0.0013701311411235075,0.004208259933450773,0.0,0.0,10218
111,300437,0.00041288191577208916,0.0019611890999174236,0.001032204789430223,0.0,0.00020644095788604458,19376
392,300439,0.00032107579277390597,0.0001951637171762958,0.00123393834085658,2.5182415119522037e-05,6.925164157868561e-05,158841
172,300447,0.0005514288494599241,0.0007136138051834312,0.0034707580524830518,0.0,0.00025949592915761136,30829
589,300452,0.0005654625319609257,0.0008932668983150856,0.002032387071395791,8.195109158853996e-06,0.00013112174654166393,122024
150,300463,0.0008377854994437654,0.0004944307865569763,0.0019365205806814905,1.3734188515471563e-05,6.867094257735782e-05,72811
245,300466,0.0003996316438760794,0.0015116501311834309,0.0011641443538998836,3.475057772835474e-05,0.00019112817750595104,57553
231,300470,0.0004949025042066713,0.00019796100168266851,0.004404632287439375,0.0,4.949025042066713e-05,20206
106,300474,0.00010085389632219458,0.000571505412492436,0.001848988099240234,0.0,0.0,29746
164,300480,0.002254703778572539,0.001321722904680454,0.0064919919141657595,3.887420307883688e-05,0.00031099362463069506,25724
485,300484,0.00017798191474092148,0.00932395579158892,0.0011540117697717812,5.16721687957514e-05,1.7224056265250468e-05,174175
308,300485,0.0008733006042296072,0.00037764350453172205,0.002171450151057402,0.00011801359516616315,0.0003304380664652568,42368
341,300486,0.0002347564792788281,0.0007825215975960937,0.0011894328283460623,0.0,1.5650431951921874e-05,63896
781,300490,0.0003666213606123471,0.002530581586665713,0.004497818155805136,0.0003755633450175263,9.836182845697117e-05,223664
139,300491,0.0006235610130468151,0.0005755947812739831,0.004412893323100537,0.0,0.0001918649270913277,20848
161,300509,0.000554016620498615,0.004813019390581717,0.006717451523545706,3.462603878116344e-05,0.00024238227146814405,28880
681,300515,0.0001105063955576429,0.0004604433148235121,0.0021640835796705067,5.525319777882145e-05,0.0010406018915011374,108591
486,300527,0.0005462529150996911,0.00037817509506901697,0.002300565161669853,0.0,0.00021009727503834276,95194
570,300530,0.00188701891019657,0.005887765716267037,0.001766996506014456,0.00011335449283866322,0.0008868322086789534,149972
326,300534,0.0008949259778280354,0.0012903583866357721,0.0019563498119961704,1.3874821361674968e-05,0.0002219971417867995,144146
8728,600005,0.0006778889665443956,0.002608881455455361,0.004467327932157189,0.0001363706459013287,0.0003944441647436688,2522537
956,600010,0.00034167105619065243,0.00229204333527896,0.0002657441548149519,4.745431335981284e-06,0.0012290667160191526,210729
4500,600019,0.0007009878367281925,0.0026553089701726587,0.00466146612876206,8.616451861840172e-05,0.0006446891074317069,2913032
1317,600023,0.0005225826469899784,0.004512718899528043,0.002514928988639271,0.0002612913234949892,0.0005116955085110205,183703
804,600031,8.547610188751345e-05,0.00020112023973532577,0.001392757660167131,5.028005993383144e-06,0.0001257001498345786,198886
628,600069,0.0010421264283262224,0.0030037761757638172,0.001867654030372877,8.582217645039479e-05,0.0011279486047766172,244692
1699,600071,0.00037960066918824557,0.0010910677916787896,0.001738889292988071,4.091504218795461e-05,0.0002113943846377655,439936
92,600073,0.0005799202609641174,0.0011115138335145583,0.0030687447142684547,0.0,9.66533768273529e-05,41385
330,600075,0.0013416533851985917,0.009526639473423557,0.0067983107773485684,7.203508108448815e-05,0.0012696183041141036,111057
297,600078,0.0008488063660477454,0.0035649867374005304,0.0025251989389920423,8.488063660477454e-05,0.0003183023872679045,47125
938,600085,0.00029170677634841457,0.0005153486382155324,0.0009237381251033128,0.0,0.00014099160856840038,205686
1716,600101,0.0006732935982449646,0.0046583966668240166,0.0006161505991319233,0.00010683256355916412,0.0003130442560105739,402499
3395,600103,0.0010950613718670572,0.0019470747242615735,0.00015246554727059764,0.00010851959541024892,0.0005910282097136697,1115006
3021,600111,0.001148921093921347,0.002721306497055995,0.0023889460631316113,0.00019739172979265434,0.000256440537850286,592730
573,600116,0.0003226792926363742,0.002225010808701796,0.00022566460334700678,3.585325473737491e-05,0.00010755976421212473,474155
1052,600117,0.0005187004045026541,0.001903295839102481,0.0007655014034192396,7.111215223020258e-05,0.00029072321058818117,478118
553,600127,0.0003269612223990235,0.001504021623035508,0.0018636789676744338,1.0898707413300782e-05,0.00023977156309261722,91754
83,600143,0.0006489555871020077,0.0008111944838775097,0.0021496653822754004,0.0,0.0002433583451632529,24655
310,600157,0.00047954301131932295,0.0009748951329019203,0.0009748951329019203,0.000137012288948378,7.377584789528045e-05,189764
498,600165,0.0006715736313329393,0.0020415838392521357,0.0010476548648793854,0.00010745178101327029,0.000188040616773223,74452
254,600169,0.0004301306521856014,0.0006989623098016023,0.0056723479756976185,2.6883165761600087e-05,0.0005914296467552019,37198
2081,600184,0.0008755299117768501,0.0036793874317140713,0.004448989033177179,8.647209005203458e-05,0.00028319609492041326,462577
734,600192,0.0006676815426114361,0.002088507865288572,0.006473840237160484,1.6024357022674467e-05,0.0005020965200438,187215
318,600216,0.0009826093737814864,0.0022459642829291116,0.005115807533338532,7.79848709350386e-05,0.0009670123995944787,64115
747,600219,0.0002254113757607634,0.0034187391990382447,0.002667367946502367,1.878428131339695e-05,0.00028176421970095426,53236
556,600222,0.0014751322869579308,0.0009443081685450391,0.0012236892834991927,1.6762866897249213e-05,0.00041907167243123035,178967
782,600237,0.00011259268790915379,0.0011634577750612557,0.00040747829909979465,5.3615565671025614e-06,8.846568335719226e-05,373026
54,600243,0.0005242922055225446,0.001223348479552604,0.0028836071303739953,0.0,0.0,11444
167,600249,0.0005697875831889871,0.0005469960798614277,0.0027121888959795786,2.2791503327559487e-05,0.0005697875831889871,43876
193,600256,0.0015427229059289647,0.00266470320115003,0.005066442270607622,7.012376845131657e-05,0.0011219802952210651,57042
682,600268,0.0004504281319394084,0.0026575259784425097,0.004652922602934089,0.00012611987694303436,0.0005405137583272901,222011
331,600293,0.0004492749467083441,0.007876650129525011,0.0037949394434726087,0.00011470849703191764,0.0002198579526445088,104613
100,600295,0.0005573692172943706,0.0017251904344825755,0.002813387477771585,2.654139129973193e-05,0.00034503808689651514,37677
7163,600298,0.00045826279581644884,0.00200193791219705,0.0019232921518589135,4.587669353057959e-05,0.00019358956390925892,1983578
810,600302,0.0007111474802973181,0.0038966985221770855,0.004877367650258319,9.741746305442714e-05,0.0001493734433501216,307953
213,600305,0.0002895774396899294,0.0016260886997972958,0.0016260886997972958,0.0,0.0005123293163744905,44893
1031,600308,0.0011759562693380416,0.003399089735291227,0.0013555691865568204,5.4222767462272813e-05,0.0007625076674382114,295079
168,600328,0.0006591303731528403,0.0023530245579219673,0.0007370920301924235,4.252454020340905e-05,0.00014883589071193167,141095
551,600343,0.0008084567628170905,0.005880378906905441,0.002730448312155834,6.864255533352654e-05,0.00016779291303750934,131114
412,600352,0.000773343517280886,0.00300744701164789,0.002931067405002864,4.773725415314111e-05,0.0005060148940232958,104740
997,600356,0.0004870940212228073,0.0012519524016553147,0.0008695232114390609,2.0127852116644927e-05,0.00014492053523984348,248412
96,600367,0.0015778677746804818,0.002419397254510072,0.000525955924893494,0.00011834008310103614,0.0010650607479093252,76052
213,600378,0.0005759483950238058,0.004543592894076691,0.0016894486254031638,0.00019198279834126863,0.0003071724773460298,78132
1519,600379,0.0005941537237725324,0.0020844483945573556,0.002531291277725128,2.7006987444206018e-05,7.365542030238006e-05,407302
415,600380,0.0003363794360038123,0.00039244267533778104,0.0009530750686774682,3.114624407442707e-05,0.0001993359620763332,160533
267,600387,0.0024467530383859453,0.0026071958605751876,0.001042878344230075,2.005535277365529e-05,0.0007420480526252457,49862
2797,600399,0.0008971561357433442,0.001149003553221072,0.00022288094134610432,5.230058190432051e-05,0.0001754081054637211,1242816
532,600406,0.0008074449158341317,0.004960996304913097,0.00590529629122759,0.00010264130286027097,0.0006842753524018064,146140
346,600419,0.0014331720312262895,0.0027314572830430457,0.0004552428805071743,6.744338970476656e-05,0.00021919101654049132,59309
1710,600420,0.0008443486868922145,0.0011549137211514199,0.0018342747335934315,2.1836603971350376e-05,0.00021836603971350376,412152
776,600456,0.0004984190769901718,0.0017834057598554586,0.0018963288319860444,8.566577885768578e-05,8.95596778966715e-05,256812
847,600470,0.0011899880555506035,0.004385573957534809,0.001764926104861569,0.0002050166687465459,0.0006997308042001676,224372
853,600475,0.001285688531278762,0.0023531421089087305,0.002063743583417939,5.2186619350798456e-05,0.00030837547798199085,210782
72,600488,0.0023276240667545016,0.0031620553359683794,0.005753184014053579,0.0,0.001054018445322793,22770
5879,600489,0.001202771604131259,0.0003922081317819323,0.000339913714211008,5.22944175709243e-05,5.22944175709243e-05,38245
4889,600497,0.0008921324823229208,0.0020245044249511406,0.0018251706024816087,0.00013115775940991995,0.0003311408777181147,1540130
224,600513,0.00023229703046962716,7.743234348987572e-05,0.0005033102326841922,0.0,0.0,25829
1753,600516,0.000854744863807219,0.004278873384480717,0.001625388325352282,0.00017506822511714125,0.0012100303794861233,582630
1634,600521,0.0008329700778158057,0.0017867855555219873,0.002647809029740916,1.9421582125238993e-05,0.0003905895960742509,463402
398,600531,0.00046636271882504436,0.0013294817805310965,0.0013851668812863258,0.00024710263460132946,0.00018097657745449482,287330
9601,600535,0.0006440051520412163,0.0017537355488717328,0.0025317164562632956,0.000195292701582119,0.00029985050006982333,2821406
195,600538,0.0006919902132812693,0.001334552554185305,0.002273682129352742,2.471393618861676e-05,9.885574475446704e-05,40463
540,600547,0.0021536047921272197,0.0038222919489410254,0.0024245881765670683,0.00037081936818084577,0.0009983598374099694,70115
298,600558,0.0008323092391911518,0.00068707406993632,0.0013238744274382752,1.675790414478829e-05,0.00019550888168919675,179020
369,600569,0.001056788475443573,0.004635037172998128,0.001854014869199251,5.562044607597753e-05,0.0005562044607597753,53937
1745,600592,0.0007695011106083193,0.001033658208279832,0.0015390022212166386,4.594036481243697e-06,0.000684511435705311,435347
243,600595,0.0006183105198072577,0.00472261310818302,0.00434949469105795,0.00031981578610720227,0.00018122894546074793,93804
397,600609,0.0001820786094049671,0.002142458303998446,0.0031135442208249375,0.00021242504430579495,0.00023670219222645723,164764
268,600615,2.4308594129821782e-05,0.00013890625217041018,1.389062521704102e-05,1.0417968912780764e-05,3.1253906738342295e-05,287964
780,600636,0.000542638894686313,0.002365349028119826,0.0019548914026519737,0.0,6.261218015611304e-05,143742
8545,600644,0.0007779278837089358,0.0026781443167245536,0.0010626876648763028,9.037519730619584e-05,0.00029761487388764495,2567076
1414,600653,0.00043508744703433865,0.0017431210457617772,0.003752282823468118,0.0002050730642072679,0.000246641928573606,360847
5071,600664,0.00039695859309134236,0.000769638373149575,0.0019134739521719523,2.185093172979866e-05,0.00013929968977746646,3295054
2771,600668,0.0010745875323937002,0.0014903426592654285,0.0013721247477907197,4.250531648528851e-05,0.0003121484179388375,752847
374,600674,0.0004923521302435501,0.00032823475349570014,0.0009190573097879604,0.0,0.00016411737674785007,30466
970,600688,0.000728943599052657,0.001934395076085261,0.004550933870350148,8.225433607987179e-05,0.0005601803922680924,705130
120,600703,0.000563653728725986,0.0005166825846654872,0.0017379323302384568,0.0,0.00017222752822182905,63869
1909,600720,0.0002765472227319196,0.0011756533591968335,0.0005897926551154683,9.174552412907285e-05,0.00011664788067839262,762980
3288,600740,0.0016297585300363935,0.004655383722997184,0.001597949236109162,0.00012162377089823832,0.000658639497787383,534435
576,600765,0.0006465120673963964,0.001914670353443174,0.004868733184469786,7.957071598724879e-05,0.00017903411097130979,201079
149,600789,0.0016082557126583126,0.00257991020572271,0.0036520806808282517,3.350532734704818e-05,0.0005360852375527709,29846
2001,600801,0.001027997270849885,0.0026534853412546523,0.0007253381758788529,2.3482171161545596e-05,0.000717510785491671,766539
2628,600808,0.0012433510849189761,0.0046942847083675625,0.00319507396141594,0.0001268725596856098,0.0008701343051771406,945831
251,600819,0.00046380801340554774,0.004967234208085221,0.0013914240402166432,0.00011969239055627038,0.00031419252521020977,66838
141,600860,0.0012371644191513053,0.0017938884077693925,0.0029073363850055673,0.0,0.0,16166
157,600867,0.0008346756479718846,0.0014350563772148192,0.004598037780055645,2.9286864841118757e-05,0.00013179089178503442,68290
1088,600872,0.0005223405325080167,0.0013994257047407292,0.0026731544898939675,2.793264879722014e-05,0.0005530664461849588,358004
628,600875,0.0002612443941307093,0.0019854573953933907,0.009317716723995298,6.966517176818914e-05,0.00011320590412330736,114835
10086,600877,0.0006575401854139758,0.002530602979354297,0.003782665404895594,4.5365859772185714e-05,0.0004282395945810216,5665053
2899,600881,0.0009258476537812826,0.0020086868662472176,0.001336440961110373,6.306498511263809e-05,0.0007031074935962204,745263
1167,600886,0.0012609798386518979,0.007007035694327024,0.0041354406981242925,0.00015762247983148724,0.0007307951337641682,348935
291,600961,0.0008585512670866172,0.0018618021859294058,0.0021897880632433943,0.00021222615590905144,0.00020257951245864002,103663
921,600969,0.0008430118752446822,0.004389925616599243,0.0007072947931619471,0.00010700769933446431,0.0001513767453999739,383150
1397,600970,0.0007791817308467964,0.0034724004664090174,0.0025942168215252162,4.766758824003931e-05,0.001131188536311702,545444
985,600971,0.0007619203670326069,0.002298050139275766,0.002834671473046043,0.000180239226609864,0.0001843355726691791,244120
1875,600979,0.00019525301713663572,0.0012606553497734958,0.0005793921051989299,2.6528942545738548e-05,0.00011566618949942008,942367
2751,600985,0.001741087640581997,0.0021954847855300778,0.0019521564969574748,0.0001437848977929018,0.00017051414161337717,1084954
195,600992,0.0009303078105407919,0.0025886826032439428,0.003802127573514541,0.00016179266270274642,0.00042470573959470936,49446
1852,600997,0.0010746290779806032,0.0040329470570191605,0.0020772044821502464,0.00032527087034661933,0.0005476079209632958,485749
373,601011,0.001451580095785795,0.006037463710497605,0.002930897390854121,0.00020340612807189483,0.0005639897187447992,108158
230,601015,0.001822591091897754,0.004473632680112669,0.0032083628311919145,0.00015062736296675655,0.00043681935260359397,66389
5790,601016,0.0007747262715562681,0.005873325043819914,0.003531840355624164,0.0003172743479940041,0.0003781333365637631,3467031
520,601020,0.0012632705639289581,0.0022962898428068256,0.0010392422865819508,0.00019291323882658968,0.0006036317472961031,160694
5297,601106,0.0006825237379856975,0.0027056368921920377,0.0073552579217497464,0.00010991739793867473,0.0004034141149477015,3475337
694,601113,0.000500893420475945,0.0018398200636712597,0.0020661853594632733,7.706052622706847e-05,0.00024563042734878076,207629
577,601168,0.0008462101245515527,0.0029264766807407866,0.001286944564422153,0.00026444066392236024,0.0004671785062628364,113447
1059,601179,0.0006229060346246768,0.00225580971110508,0.0035639123838169012,7.118926109996307e-05,0.00025361174266861844,224753
175,601206,0.0008478682170542636,0.0003936531007751938,0.0010598352713178294,0.0,0.0008175872093023256,33024
5637,601216,0.0016377565229680803,0.00545503166744952,0.0012636497030007524,0.0002632603547918234,0.0007385145742317994,721719
355,601225,0.0012104035662622147,0.004878516812800756,0.0017639417825406666,0.00011070764325569037,0.0012399256044637321,135492
828,601233,0.0006600660066006601,0.003862088336493224,0.0025454673126887157,6.319780914261639e-05,0.00031950003510989396,284820
399,601313,0.0006129554258814299,0.0021821213161378906,0.001103319766586574,0.0,0.0014220565880449173,40786
11190,601600,0.0008112447805112673,0.0042011696469568035,0.0029528306925873794,0.00011886554125574673,0.0004882514954112635,3987699
1921,601608,0.0005405502801852285,0.0037725904971260744,0.004031604173048163,2.0270635506946072e-05,0.00020946323357177608,443992
446,601636,0.0009260484191030559,0.002767968901055288,0.004681123876784678,7.123449377715815e-05,0.0001424689875543163,98267
971,601677,0.0004070463150048061,0.0026482531337662083,0.002167644231712341,0.000127508484218373,7.356258704906134e-05,203908
268,601700,0.00039762361416475654,0.0017542218271974553,0.0006549094821537167,0.0,0.00014033774617579643,42754
4649,601958,0.0006278647371365586,0.0018607931004950623,0.0025553927964061,0.00022356211189450536,0.00020910287082670154,1798158
488,601969,0.000624468537414966,0.0008901998299319728,0.0004384566326530612,3.985969387755102e-05,0.0006045386904761905,150528
5873,601992,0.00139972234182947,0.0052326583250666735,0.0035691649551187034,6.43550501990561e-05,0.0007002845594028868,2361897
587,603011,0.0006055676603121642,0.0014604867101646313,0.0050938926720376166,2.3747751384790753e-05,0.00037402708431045437,168437
288,603088,0.00025436662709852465,0.0024164829574359844,0.0024588773952857385,0.0,4.2394437849754115e-05,23588
254,603169,0.0011136201936461781,0.002309730772006888,0.006186778853589878,0.0001752920675183799,0.0003815180293047092,96981
201,603188,0.0010861711302239936,0.0019858751136284177,0.0004521828310374566,6.992518005733865e-05,0.0011001561662354613,214515
2766,603299,0.0007430725977460627,0.00334010388125134,0.002394510495342022,0.00011466250506301971,0.00036334611993995853,671536
1356,603399,0.0005172045394183745,0.0035585269854963067,0.0013179729575912248,0.00017373279895520688,0.00033149016812142925,500769
158,603456,0.0007114483903480169,0.00337937985415308,0.0028161498784609,0.0,0.00020750578051817158,33734
473,603566,0.0012198132004535844,0.002750839739439315,0.0038812238196250415,3.2194483296428916e-05,0.0001895897349678592,279551
248,603658,0.0006506180871828237,0.00018072724643967324,0.0011205089279259742,0.0,0.0002530181450155425,27666
359,603718,0.0004374585168647801,0.0010861039039401436,0.0013123755505943403,0.0,7.542388221806553e-05,66292
1354,603798,0.0003997763750901839,0.0023518094565852226,0.0010369199728901646,5.9341805677449174e-05,0.00030607878717842205,320179
223,603866,0.00011448721177844435,0.0005495386165365329,0.0009158976942275548,0.0,2.289744235568887e-05,43673
173,603968,0.0005152647172484864,0.0007084889862166688,0.0003864485379363648,0.0002576323586242432,0.0,15526
799,603979,0.0007348866052877655,0.0018652935762121356,0.002478105994575023,0.00010742528449389263,0.00016602089421783407,409587
499,603998,0.00040654986113628237,0.0006416630338416023,0.001738857839799762,4.8981910980274986e-06,0.00042124443443036487,204157
