score,x1,x2,x3,x4,x5
1.5974422528567633,0.028992089999999995,0.5133000016212463,151.92,2,1457
2.7033226604434186,0.29180354000000003,0.5938999652862549,274.34,3,2240
0.6923812102289365,0.12267793999999997,0.1656000018119812,83.12,1,118
1.0,0.3790877499999999,0.5295000076293945,74.43,1,162
0.3687132633722282,0.0642264,0.3652999997138977,177.49,4,924
1.6854239409851797,0.21100695,0.6290000081062317,128.6,2,345
0.4487924453731277,0.026318699999999997,0.5216000080108643,36.97,2,392
1.9554928280754047,0.05727584,0.15710000693798065,379.96,5,2017
0.7246397043157985,0.11271439000000001,0.5202000141143799,52.82,1,78
1.4472407568788523,0.1839907,0.45660001039505005,147.17,0,739
1.7444736204434617,0.13988346,0.29409998655319214,59.67,2,287
1.4204416605032262,0.27195462,0.43869999051094055,151.11,6,1365
2.5135060953641415,0.05214090999999999,0.3147999942302704,64.52,1,3105
1.9442819940670528,0.09291252,0.35679998993873596,41.14,2,95784
0.7241841250916968,0.17819643000000002,0.170400008559227,66.85,1,459
0.20844988379261958,0.06597822,0.6211999654769897,46.79,0,289
2.538651939473781,0.10461711999999995,0.6129999756813049,36.24,2,8946
0.5095010703745518,0.061163869999999995,0.6316999793052673,48.98,4,376
0.4203260837251403,0.10914921000000001,0.24629999697208405,28.22,1,300
0.1793437203999515,0.09845146999999997,0.12479999661445618,47.81,1,3
0.25171444166256246,0.29558938999999995,0.31690001487731934,26.71,1,142
0.1961874950387719,0.10088046999999999,0.2670999765396118,16.49,1,220
1.9940491755643308,0.4554730600000002,0.5159000158309937,102.36,1,1323
1.0951531975024305,0.051676629999999994,0.2826000154018402,195.0,1,558
2.978504727286516,0.15184456,0.5435000061988831,61.37,1,667
1.4016216635154766,0.17570805,0.719499945640564,57.12,2,708
2.4555547371397783,0.10882214999999998,0.5789999961853027,31.86,1,3958
1.8378002078995177,0.06353762000000002,0.8698999881744385,38.06,2,155
0.15123992162027422,0.10968215000000002,0.4202999770641327,44.84,2,537
0.5273178670848347,0.03158568,0.5318999886512756,607.92,4,846
0.6726117287557539,0.13180735,0.47519999742507935,85.83,1,509
1.5669507431556178,0.06926167000000001,0.9897000193595886,36.27,2,1234
1.1983864611723012,0.08088093999999998,0.8565000295639038,44.72,2,46946
1.933462618893692,0.22506690000000004,0.5597000122070312,41.49,2,2767
0.20739325155343596,0.21637554999999997,0.2142000049352646,89.58,2,587
1.7294763297525448,0.20614898000000004,0.6100999712944031,184.7,2,2743
0.7472635251858798,0.37789388,0.27149999141693115,64.51,1,683
1.7510952902786368,0.04074549000000001,0.45430001616477966,36.13,1,314
0.4402018121419776,0.09811815000000002,0.4652999937534332,77.73,2,412
2.2490649083990446,0.18428390999999994,0.4975999891757965,43.24,3,535
0.4489040095666536,0.03634528000000001,0.3897000253200531,60.7,1,1040
1.7514749134518746,0.12160036999999999,0.6725000143051147,308.11,3,2912
2.0057520766559143,0.24227936,0.7681999802589417,115.02,1,2767
1.8719482299710255,0.10426978999999999,0.5256999731063843,60.0,2,309
0.05869859547733555,0.0801325,0.375900000333786,52.27,1,494
1.6813571441224984,0.11392711999999999,0.6309000253677368,74.08,2,2459
1.3810940174469928,0.20334756999999998,0.7042999863624573,147.45,1,69
1.3930232115988581,0.20375045999999997,0.3833000063896179,273.08,2,923
1.5710029802757601,0.06754154999999999,0.8964999914169312,47.94,1,278
2.6638768336675516,0.37178138999999993,0.29429998993873596,791.77,4,5324
2.4131166588056407,0.22738174000000003,0.5695000290870667,106.87,1,380
1.0169955229576986,0.18397028000000004,0.7792999744415283,71.4,1,326
0.9346816018846186,0.2962171400000001,0.9517999887466431,65.17,2,548
0.4167070439670313,0.10745863999999995,0.48919999599456787,63.88,2,495
1.5835184455763525,0.02730525999999999,0.7142999768257141,113.41,1,917
4.741988182616399,0.14389778999999994,0.7494999766349792,88.0,2,178
1.341804508561785,0.15590303999999996,0.6776000261306763,175.0,1,1175
1.369880209522982,0.13035513999999995,0.3888999819755554,108.37,2,3751
1.3554551403915822,0.047659099999999996,0.6495999693870544,46.59,2,1352
1.4294718310099264,0.06793031999999997,0.4974000155925751,66.59,3,1041
1.5378343559018095,0.07968847999999999,0.186599999666214,55.31,1,723
1.7895324941022632,0.29694574,0.6402999758720398,323.63,3,27002
0.5821136316373832,0.18804305999999998,0.23489999771118164,37.69,1,1229
0.43241525370845096,0.10571769999999996,0.4315,156.21,2,895
1.4734487745475675,0.14913049,0.22990000247955322,52.96,1,910
1.3945657415573187,0.40790958999999993,0.3563999831676483,261.45,4,1186
1.9212573051708999,0.31825807999999983,0.29600000381469727,248.74,1,1909
1.5566245880395575,0.09537449999999997,0.42650002241134644,56.6,1,406
2.011621741383969,0.37246655,0.2590999901294708,82.56,2,565
1.489255455938169,0.06254472,0.22429999709129333,58.93,1,298504
1.607448198177923,0.06542217,0.4097999930381775,48.66,2,1265
0.2946218434520699,0.17723197000000002,0.3140999972820282,108.07,1,576
0.2707519309621164,0.04608393,0.3546999990940094,71.69,4,763
1.6820171120579572,0.03843680000000001,0.7566999793052673,52.8,1,5508
1.3131124568914174,0.05031654,0.5291000008583069,54.85,3,945
1.809321839963606,0.07694519,0.6580999493598938,81.14,2,978
2.5880113488580334,0.07433367,0.19110000133514404,32.54,1,2411
2.514969257438428,0.09679226999999996,0.42640000581741333,72.92,1,590
0.8949357777923401,0.16208259000000005,0.7472000122070312,39.04,1,76
1.7354770697933337,0.029169970000000003,0.42900002002716064,70.2,1,643
1.299607896850597,0.036135009999999995,0.4641999900341034,79.81,3,1305
1.120982551018145,0.07975652999999999,0.6122999787330627,165.07,4,454
2.5357383620359895,0.06736827000000002,0.3531999886035919,355.73,1,228
1.213891048775042,0.14391988,0.6139000058174133,54.05,2,719
1.821797592424022,0.13353543000000004,0.2761000096797943,80.82,0,1093
0.2922947742326272,0.04947682,0.4199000298976898,26.9,0,330
1.5249683881581817,0.06222854,0.3970000147819519,56.75,2,509
1.2241621025239577,0.08610301,0.3613000214099884,50.7,2,3579
1.750690596586032,0.29753738999999996,0.42800000309944153,43.74,1,5577
1.590006744201047,0.03574874,0.5860999822616577,38.14,1,374
0.423273399175257,0.14922908000000007,0.42750000953674316,85.11,1,1563
0.5226302899293688,0.16956771,0.7777999639511108,66.55,1,411
2.4264009759158074,0.3557274000000001,0.3127000033855438,150.09,1,5572
0.3928738416720453,0.12630259000000005,0.3330000042915344,44.86,1,92
1.647492750994933,0.10360345000000001,0.4643999934196472,34.61,1,127
0.6515509225494946,0.03748849,0.6416999697685242,58.05,2,295
4.440095735559443,0.040837740000000004,0.30629998445510864,38.47,1,698
1.5187620590666093,0.03222900999999999,0.5074999928474426,145.71,1,185
1.260166175150586,0.043380310000000005,0.13840000331401825,53.63,2,1751
1.0831778966111045,0.18462412,0.4580000042915344,241.72,2,3538
1.5161263479618285,0.4812783699999998,0.6694000363349915,65.93,1,26
1.2932321378019418,0.10867339000000002,0.5591999888420105,46.25,0,397
1.4112726133209332,0.09163943,0.40470001101493835,31.38,2,1403
1.7391875916944741,0.15484780999999997,0.31790000200271606,48.21,1,395
1.9520334528509837,0.27200188000000003,0.6151999831199646,116.24,3,694
2.207349761126691,0.09548431000000004,0.5011000037193298,35.02,0,883
1.3937293403502828,0.08132836999999998,0.3752000033855438,64.05,1,241
0.3154070587044923,0.07898851999999999,0.6990000009536743,190.3,2,258
0.5340654206780189,0.12372431000000005,0.08590000122785568,85.03,1,186
2.1015048328199337,0.053357849999999984,0.4672999978065491,38.2,1,703
1.9878292443127197,0.10256998000000003,0.20160000026226044,69.47,1,525
1.540887207451771,0.33329312999999994,0.20569999516010284,62.82,1,3692
1.7884642457656263,0.1109415,0.3043000102043152,68.69,2,453
1.7138928536622635,0.06548789999999997,0.25839999318122864,58.78,1,2506
1.4416137202778223,0.0722143,0.5024000406265259,56.64,3,420
1.3612472310935577,0.13207649000000005,0.28610000014305115,100.62,2,78156
1.256392496885589,0.05446443000000002,0.28530001640319824,30.94,1,227
0.11493019849281494,0.04882859,0.10050000250339508,149.18,1,352
1.912775383663528,0.38243710999999997,0.13099999725818634,105.55,2,785
1.9274983179222542,0.07843836999999998,0.21549999713897705,41.44,2,429
2.1305738009870123,0.5211361100000002,0.1671999990940094,150.42,2,410
0.5906835073974962,0.45993864000000007,0.16440001130104065,138.12,2,1022
1.331344100984361,0.06675265000000001,0.30399999022483826,31.41,1,320
1.761370466150208,0.11921566000000001,0.5813999772071838,47.7,1,429
0.37440112069453313,0.15619015000000003,0.23969998955726624,141.2,2,854
1.6712350348787568,0.18207445999999997,0.7823999524116516,56.65,1,650
0.7272867282921576,0.07634821999999998,0.20809999108314514,68.21,2,397
1.1956318798204895,0.10587692,0.0601000040769577,57.5,1,401
0.40911698762435583,0.11636288999999998,0.4496999979019165,78.81,1,818
1.9544371084798653,0.31115237,0.24239999055862427,63.9,2,9547
1.3185071811508282,0.056547109999999984,0.37770000100135803,63.34,1,541
1.8183351252021924,0.13694406999999997,0.33560001850128174,81.51,3,1048
1.6569993956933546,0.013574229999999996,0.4018000066280365,58.44,2,3267
1.0559775025183527,0.04721785,0.40070000290870667,52.98,2,1230
1.6332253880461962,0.10223883,0.2996000051498413,33.55,2,400
1.6056280826596352,0.09061233,0.20549999177455902,126.75,3,2520
0.4734524671530877,0.05842240000000001,0.2720000147819519,42.01,1,62
0.6037642033110631,0.13594147000000004,0.0965999960899353,107.07,1,289
2.301690918919583,0.09429370999999998,0.19169999659061432,67.58,1,663
1.3939703382583564,0.04873253999999999,0.46700000762939453,42.62,0,1545
1.3179180438110174,0.19213715000000006,0.48740002512931824,39.65,1,421
1.932527831616797,0.49747987,0.4172999858856201,99.58,1,826
0.43705689171607087,0.06398424,0.4083000123500824,75.44,0,1042
1.030371521357068,0.41942417999999987,0.21969999372959137,43.46,0,3250
1.2310920152969542,0.06486601000000002,0.30090001225471497,71.04,1,348
0.08367817040689149,0.07849845999999998,0.1218000054359436,36.77,1,381
1.9591399274663643,0.18008516999999993,0.5134000182151794,73.24,1,511
0.4410280898094568,0.09009039999999997,0.5159000158309937,157.45,3,3858
6.448271299573619,0.11099551999999999,0.2947999835014343,83.29,1,304
0.3866740105512312,0.22056553,0.5386999845504761,184.16,1,422
1.5809215038098985,0.05831138999999999,0.3743000030517578,29.46,1,510
1.1482670570815774,0.06071820000000001,0.1657,100.71,2,487
1.6889757287316471,0.014701120000000002,0.3212999999523163,68.47,1,691
1.951639132477825,0.026456050000000005,0.4059999883174896,519.97,1,315
2.0807883916189143,0.04073330000000001,0.5422999858856201,33.07,1,346
1.7055580408964015,0.12826849999999995,0.5633000135421753,29.3,0,259
1.1801452796382597,0.056151650000000004,0.3400999903678894,30.62,1,863
1.6017501499638505,0.06668641000000002,0.33869999647140503,161.66,1,436
1.558808114438995,0.13054977,0.6754000186920166,84.9,2,376
2.468477174280546,0.03023524,0.2282000035047531,54.9,1,540
1.4855901302032066,0.035930659999999996,0.30219998955726624,66.23,1,190
1.533663316444678,0.0886873,0.19840000569820404,39.65,0,606
1.642000256078515,0.22837412999999998,0.33869999647140503,49.36,1,374
2.0926188277919815,0.18947712000000005,0.4238000214099884,48.58,1,390
1.738023634519987,0.4440218799999999,0.3416000008583069,147.96,1,1109
4.2233737545018055,0.061636569999999995,0.28600001335144043,43.88,1,338
3.145702151743759,0.14050093000000005,0.8083999752998352,134.48,4,701
1.4259178914551236,0.18664007000000002,0.47589999437332153,74.61,0,726
1.246219519720483,0.20976948000000006,0.2599000036716461,68.41,1,690
2.0334026853199947,0.08579116999999999,0.13270001113414764,39.8,1,501
2.9382047578029113,0.09161676999999999,0.11800000071525574,94.04,1,328
2.797268948259599,0.19276819000000003,0.5837000012397766,104.76,2,906
1.8197702861918414,0.21812518,0.6079999804496765,74.18,2,336
1.6297356992733412,0.15138114,0.5277000069618225,32.7,2,1606
1.407186458939269,0.18010322999999998,0.10000000149011612,66.68,1,73379
1.535143648257932,0.15296706999999996,0.34389999508857727,31.44,0,204
0.47991861765649774,0.05935217000000001,0.49000000953674316,40.48,1,1313
1.391882987126561,0.18157638,0.281900018453598,38.77,1,205
3.432572742851813,0.20699938,0.6240000128746033,189.61,1,650
0.8581554452810809,0.15082153,0.26600000262260437,37.41,4,170
1.2907802104114667,0.09490808999999997,0.15569999814033508,35.56,0,128
0.6811150419651925,0.08487264,0.3622000217437744,83.3,3,578
1.2265344234726676,0.11908761,0.20589999854564667,26.8,2,547
1.3342095763153723,0.05831810000000001,0.3877999782562256,60.55,0,201
0.3050314851332359,0.10185370999999999,0.25940001010894775,33.74,1,493
1.1058231840833574,0.04984023,0.5566999912261963,53.43,1,663
2.2966133031978586,0.09089499999999999,0.48580002784729004,85.75,1,726
1.021652868120457,0.12343698000000002,0.17309999465942383,149.7,3,1568
1.8672727042086998,0.04788075000000001,0.1979999989271164,49.7,2,868
0.5565431027861173,0.29781876,0.1647999882698059,31.94,1,757
0.36897767458578223,0.15780098,0.4311999976634979,48.2,2,641
1.5070187768681012,0.06506357000000002,0.12300000339746475,68.25,1,95
2.3783446873409604,0.21039094,0.40700000524520874,58.97,1,157
0.8809079140235215,0.047547409999999984,0.6974999904632568,81.97,1,110
4.728999891256574,0.18513341,0.09539999812841415,66.3,1,5977
1.1804979954493648,0.04937686999999999,0.5181000232696533,34.88,0,194
1.6321248924992067,0.28255967,0.5455999970436096,87.52,0,54
0.15434792803406022,0.05641401,0.3497999906539917,85.9,2,1073
0.2960164221294007,0.20980510000000002,0.37959998846054077,77.51,1,658
2.3389003680616893,0.09780195000000001,0.5056999921798706,30.2,1,715
1.7841841391307403,0.09692706999999998,0.2865000069141388,83.79,0,746
2.173244288057906,0.08718417000000002,0.3176000118255615,146.66,1,1197
1.7029828979590982,0.09790609000000002,0.5536999702453613,39.22,1,221
1.0596356540790364,0.07665724,0.4120999872684479,40.11,2,161
0.08703700229852038,0.06737056000000001,0.2773999869823456,65.5,2,303
0.425772330295411,0.15422801999999994,0.3206999897956848,61.21,1,240
1.437339745472829,0.18855746000000007,0.46299999952316284,73.2,2,639
1.5846163966538742,0.38086714,0.10930000245571136,71.26,2,687
1.0269113899687887,0.16550524000000003,0.08709999918937683,49.69,1,84
1.6268046492801438,0.09882061999999998,0.5444999933242798,88.02,2,339
0.2073284089504679,0.16033410000000003,0.3884999752044678,14.14,2,321
0.29551370862710835,0.16141413999999998,0.6377999782562256,20.28,2,195
1.3565269723343332,0.4583035299999999,0.5852999687194824,28.64,4,817
0.788266653143889,0.1562798,0.06929999589920044,17.93,0,228
1.1805530034308183,0.27469630999999994,0.11420000344514847,36.46,2,160
1.1995466632455118,0.10045410999999999,0.28690001368522644,35.05,3,1045
1.2986547051497048,0.25007496999999995,0.17969998717308044,36.31,2,315
1.954782597191637,0.21907169999999995,0.1762000024318695,18.13,2,196
0.591089833994127,0.10387500999999999,0.37929999828338623,12.94,1,453
0.7284252065093467,0.20010843999999994,0.6689000129699707,164.63,3,449
0.4630908679341798,0.07324577999999998,0.3361999988555908,51.36,2,197
3.0340489833898587,0.21179671,0.41419997811317444,32.11,1,3636
0.5905888823228352,0.0674949,0.20399999618530273,336.06,4,1651
1.370771499242767,0.0834943,0.13740000128746033,55.53,2,278
0.40732533012104927,0.06960468000000002,0.07440000027418137,216.82,2,213
1.4569967873446275,0.07405850999999998,0.16189999878406525,43.35,2,985
1.1938705129402827,0.04486249,0.6015000343322754,31.64,1,357
2.1891542656166223,0.13980841,0.30959999561309814,90.61,2,671
2.3218251162847547,0.3102164399999999,0.227199986577034,67.81,4,123
0.23203782957745536,0.21883659,0.21930000185966492,90.9,0,254
0.35618761891175127,0.03540583999999999,0.16590000689029694,31.5,0,592
1.3603743835222173,0.06329666,0.14419999718666077,33.49,3,580
5.251187429524868,0.05898611,0.3238,61.29,2,1066
2.97505070516106,0.05098818,0.507099986076355,48.41,1,325
2.202751699304815,0.22353423999999994,0.4066999852657318,40.96,0,133
1.3323147637553796,0.10709790000000001,0.43209999799728394,25.17,2,3532
0.4510744993274157,0.14422952999999997,0.5277999639511108,70.73,2,940
2.5906632677472192,0.16885114,0.11819999665021896,72.63,2,545
1.4950673478657317,0.18664409999999995,0.26089999079704285,31.68,1,313
1.9678645435934157,0.04153660000000001,0.3089999854564667,128.2,0,371
1.7093893348078766,0.07680767,0.3799999952316284,93.3,2,747
1.0813573995108972,0.04464461,0.47679999470710754,38.93,0,155
1.657168074708105,0.03863892,0.3947000205516815,173.7,2,6702
2.7059652687454396,0.041338950000000006,0.5268999934196472,84.13,0,422
1.4626283793751609,0.028054760000000005,0.31769999861717224,48.15,0,2
0.44479621885979004,0.15757646999999997,0.07449999451637268,34.98,0,768
0.47404736040676243,0.16616261,0.15700000524520874,15.98,1,466
1.505080527968755,0.06946444000000002,0.4399999976158142,107.13,0,895
0.014073575798087982,0.27537565,0.25370001792907715,83.53,1,1131
1.2426830263437294,0.06068067999999999,0.628000020980835,67.38,1,309
2.489076018675097,0.10901522999999998,0.653499960899353,78.36,2,259
4.665564968220198,0.056023349999999986,0.3925999701023102,24.93,0,232
1.540488694149366,0.12301380999999997,0.510200023651123,41.05,2,525
1.411690594825507,0.09282508999999997,0.6000000238418579,36.97,2,204
1.4945571726824098,0.041654670000000005,0.23719999194145203,30.11,2,5852
1.7037408010738622,0.10134582000000002,0.21389999985694885,45.59,2,292
2.789615043616919,0.10881279999999999,0.40119999647140503,101.31,3,1063
0.6517541680258434,0.06497754000000001,0.02930000051856041,78.99,1,583
1.3084766815803064,0.21662378000000007,0.16120000183582306,37.83,1,136
1.458480009213362,0.21253930000000001,0.3856000006198883,73.58,2,289
5.420809040467566,0.10391355999999999,0.5503000020980835,179.97,3,284
0.4124727902815628,0.21037388000000004,0.2612000107765198,54.37,0,4187
0.4099245706001504,0.04718339,0.2662000060081482,91.63,1,70
1.6361780542046624,0.08844733999999999,0.3004000186920166,36.65,2,980
1.4562193255693658,0.030144749999999994,0.38449999690055847,25.23,1,697
1.0291874761379805,0.08667679,0.275299996137619,52.57,1,890
1.1637235109667963,0.037137079999999996,0.4284999966621399,96.86,1,771
0.2674976866240434,0.06521489000000001,0.12560001015663147,39.04,1,609
1.3687795725541725,0.14052890999999995,0.140299990773201,38.55,1,956
1.3564948232937741,0.06842469999999999,0.4453999996185303,67.17,2,781
1.248205141900483,0.12831984,0.2833000123500824,116.37,2,1155
1.2588598007965166,0.05321993999999999,0.17319999635219574,41.68,1,346
2.6111314937090664,0.09568004,0.42830002307891846,34.19,1,366
0.3368339945780967,0.11358040000000001,0.24540001153945923,60.55,2,303
1.290783003283638,0.021411919999999997,0.44339999556541443,62.54,0,261
0.70580193582501,0.17415814999999996,0.5404999852180481,62.02,2,5887
1.2684567801279598,0.14749477000000003,0.31129997968673706,59.41,1,735
1.2917907538305524,0.08298865,0.14169999957084656,69.87,1,348
1.1283670702811548,0.15875729000000002,0.611299991607666,97.99,0,925
2.158742057165844,0.08976018,0.2849999964237213,40.78,1,328
6.390911106621902,0.12859899000000002,0.4047999978065491,188.38,1,901
1.787456361376784,0.15693047,0.46400001645088196,32.39,2,968
2.970947045761867,0.10834521999999998,0.46310001611709595,99.78,2,2132
0.3695614924701418,0.18319572000000003,0.3622000217437744,36.27,1,360
1.657305560164299,0.36090783,0.39890000224113464,20.76,0,1107
1.2375556977922073,0.07341388000000003,0.210099995136261,78.1,1,283
1.9947318497935074,0.07920582000000001,0.2206999957561493,24.97,0,11331
1.3676835779980498,0.07219838,0.3574000298976898,37.22,0,338
0.29743839803145905,0.16278181999999997,0.06280000507831573,31.81,2,963
1.0884521174380262,0.05723305,0.49790000915527344,60.68,3,337
2.476140050817193,0.09907704,0.4108999967575073,46.82,2,517
1.4916873798239119,0.13179863,0.18410000205039978,39.63,2,298
1.4799572091299442,0.05465390999999999,0.18010000884532928,53.47,0,798
0.48029059484018416,0.09536469000000003,0.3144000172615051,45.87,2,242
1.564441741381952,0.27359999999999995,0.4091,0.0,2,607
1.4239647341547417,0.14287872999999995,0.21389999985694885,38.94,2,170
1.3213562842554671,0.08877391999999999,0.43209999799728394,0.0,1,373
2.2041156388571257,0.19603313999999997,0.3584999740123749,26.07,1,67
1.8768607364105483,0.3317489899999999,0.5950999855995178,33.54,4,1595
1.825490145171685,0.15198170000000005,0.3614000082015991,32.15,0,721
1.4456828236221684,0.24505257,0.0722000002861023,26.04,1,207
2.0336022655666985,0.043268230000000005,0.21129998564720154,36.46,1,42541
0.1724843740704912,0.12562368999999998,0.267300009727478,22.95,2,191
1.9419203187789813,0.3512029,0.5860999822616577,13.34,0,293
0.4814832969871595,0.23894041,0.09779999405145645,39.67,3,254
0.2506679472025165,0.07562608000000001,0.05460000038146973,48.92,2,1390
0.2573068923065686,0.14200612,0.11720000207424164,182.09,3,116
0.0790744721973196,0.15286917000000005,0.3320000171661377,40.12,2,510
0.8495594779221884,0.26061582999999994,0.18729999661445618,24.77,2,2037
2.1066600732850502,0.15507387,0.530299961566925,29.62,1,6
1.2304483349978677,0.13037351000000005,0.12270000576972961,40.91,1,208
1.255657817475654,0.20393292000000002,0.16940000653266907,22.55,2,360
1.342682962588106,0.2727451499999999,0.3100000023841858,36.7,3,530
0.2965226854272538,0.3126465499999999,0.21819999814033508,23.81,1,465
0.3103640848684879,0.3169719600000001,0.3288000226020813,25.34,2,213
0.32722598481470844,0.18725872,0.6092000007629395,57.13,0,23800
1.3578491716859835,0.10209036000000003,0.20059999823570251,19.63,1,744
1.7529796600690635,0.04882488,0.1679999977350235,73.27,3,615
1.2735985917736423,0.11252121000000002,0.1859000027179718,28.49,1,435
1.0795956684837518,0.08197705000000001,0.12220000475645065,27.66,1,178
0.5545284853141405,0.12875034000000007,0.27390000224113464,39.73,2,328
1.3340013112496436,0.04077366999999999,0.3691999912261963,11.79,1,259
0.1650939833146004,0.17932325000000002,0.09459999948740005,42.53,2,179
1.7904556252796937,0.25659081,0.09070000052452087,14.17,1,330
0.6231759520909682,0.06377948,0.3197999894618988,27.38,2,833
0.31517345605324737,0.2629086499999999,0.02930000051856041,32.39,1,253
1.1226834532999164,0.13354171000000006,0.34709998965263367,26.63,0,385
1.5712972606797495,0.23244943000000007,0.3693000078201294,12.65,1,1136
0.6013621654986017,0.18605407000000002,0.4861000180244446,14.78,2,525
2.506446554779131,0.17302950000000006,0.33400002121925354,30.5,2,215
1.1550417042474856,0.14114387,0.13899999856948853,15.88,2,1075
0.2496292096008884,0.24878674,0.4161999821662903,38.7,0,33
2.2427419852894,0.37148259,0.05260000377893448,13.61,0,18
1.008400357308965,0.08511893000000002,0.22860001027584076,13.75,0,2
2.3316194888527866,0.09102922,0.18290001153945923,0.0,2,627
1.8162150100215135,0.33562280000000005,0.6991,318.96,4,20145
1.3666084991659249,0.30566770000000004,0.6629,448.65,3,11874
2.817737694550284,0.6366822799999999,0.5202999711036682,914.83,1,678
0.41409205573092367,0.49373270000000014,0.3705,162.82,2,1112
1.1087870158074968,0.21601704000000002,0.5972000360488892,449.55,3,11488
2.2508676522705318,0.22562766,0.5613999962806702,79.07,1,709
1.325653916440437,0.15946131000000005,0.4879000186920166,71.93,3,5013
0.9847288016696393,0.1056355,0.49639999866485596,113.84,4,970
2.335512450801065,0.18374898000000003,0.5220000147819519,56.58,2,9987
1.458947724143902,0.09240005000000001,0.6880999803543091,47.04,2,843
0.18590201437328438,0.2822778000000001,0.2962999939918518,431.05,4,5559
0.6319726432537044,0.04940844,0.2954999804496765,42.18,1,1584
1.7750990608305828,0.03388783,0.35919997096061707,71.99,2,1227
1.5753119729759635,0.10721135999999998,0.3808000087738037,463.94,2,1022
1.878228274057945,0.03565069,0.47929999232292175,86.58,1,532
1.779283753037758,0.24926113,0.9451999664306641,40.77,1,905
1.572264097765439,0.41025568999999995,0.6209999918937683,57.57,1,362
1.2162767198231026,0.052104279999999996,0.5195000171661377,38.55,1,6
1.3736724885578153,0.04679777,0.4691999852657318,175.1,2,853
0.6834102627660843,0.12647884999999998,0.6959999799728394,198.07,1,238
0.2620583647109025,0.12227882,0.7511000037193298,85.34,1,762
1.456998664124083,0.08231394,0.8355000019073486,106.65,1,444
1.6613053249424556,0.14845337,0.4097999930381775,92.13,1,1676
3.70972519977792,0.1813565900000001,0.6485999822616577,37.42,2,3326
1.8808550448238697,0.11874815000000002,0.5518999695777893,43.29,0,49
1.7206171753023018,0.07638524,0.1802000105381012,140.04,2,464
1.144948218691071,0.08939028999999997,0.2572,214.77,1,1771
1.000379129916935,0.06029253,0.4538000226020813,43.66,1,284
0.30181321116355947,0.028468680000000017,0.3895000219345093,49.44,1,3
0.3197506736919448,0.04776371000000001,0.35199999809265137,28.64,1,11801
0.4599357761195541,0.11632253,0.43849998712539673,36.36,2,492
1.2587272776231337,0.0439765,0.12479999661445618,155.38,1,394
2.1097051767710697,0.17859267999999998,0.6834999918937683,225.04,4,761
1.6786887777081283,0.25352798999999987,0.780500054359436,55.14,2,1083
2.562672022091398,0.04537462,0.3176000118255615,65.11,2,425
0.6475910462279236,0.06955827,0.3822999894618988,51.3,1,179
0.7051453748273885,0.17509948000000006,0.7002999782562256,61.57,0,1
1.5379166774005995,0.17229965999999994,0.4838999807834625,138.47,4,13344
1.9598359863660706,0.18434049000000002,0.22020000219345093,36.3,1,702
0.7015851132633231,0.20161994,0.29159998893737793,73.47,1,276
1.9021870771829912,0.12719636,0.5708,60.13,1,1255
1.54974894621607,0.11173091,0.6908999681472778,48.91,1,1314
1.571546970523564,0.09418686000000001,0.3911,160.57,2,835
1.6701904336177027,0.02776917,0.5419999957084656,288.55,3,671930
1.3196785082725568,0.10404851999999999,0.25519999861717224,36.18,1,789
3.9834843866632026,0.13024675000000005,0.30979999899864197,42.81,0,239
2.049282540830538,0.12162701999999999,0.24580000340938568,48.74,1,33
1.4232179106886618,0.06457164000000001,0.47439998388290405,47.08,1,55545
1.3243369461592036,0.22106056000000007,0.4239000082015991,162.35,1,27
0.676457957718923,0.052927499999999995,0.8183000087738037,48.99,1,215
4.063920770294769,0.034972750000000004,0.73089998960495,141.76,1,1600
2.219040510449279,0.11685967000000001,0.7724999785423279,44.7,0,1004
0.6739528444557424,0.14635321999999998,0.8409,84.16,2,2741
1.694388584357303,0.16957575999999994,0.4877000153064728,363.95,4,1005
0.40895803452224166,0.15767217000000003,0.31679999828338623,54.15,1,474
1.5013428596681868,0.17633279999999996,0.5849999785423279,86.87,1,2886
1.442816600878184,0.31512715,0.4797999858856201,83.77,1,605
2.1180953740748922,0.06560720999999997,0.680400013923645,40.06,1,934
1.447333661508213,0.20388051000000001,0.6647000312805176,51.89,2,724
1.6158153557963844,0.22013678999999994,0.17030000686645508,62.55,1,1178
1.0053934547596237,0.25391375000000005,0.6116999983787537,420.69,1,6046
1.8773731221229562,0.16088302000000002,0.6295999884605408,194.44,2,7658
0.045378248915464076,0.13995646,0.22419999539852142,36.93,1,282
2.1478037133989205,0.18100332999999993,0.26590001583099365,189.8,2,1269
1.689018586443197,0.11121413999999999,0.3631000220775604,271.56,2,2158
4.508420336775826,0.09709071000000001,0.6628000140190125,55.42,1,62
2.388355224614657,0.18356308,0.8294999599456787,79.54,1,329
0.16251606781721276,0.10403177000000002,0.23899999260902405,37.45,1,83
0.23335872814008823,0.27170947000000006,0.15760000050067902,114.76,3,786
1.7486677246500077,0.05392740000000001,0.11949999630451202,55.81,2,826
0.0,0.08271041999999999,0.6890000104904175,65.8,2,2081
1.7280201902296977,0.20688027,0.48179998993873596,426.77,3,49764
0.3490313953467404,0.08317867000000002,0.2645999789237976,34.2,1,247
0.7648535975822669,0.25330953999999994,0.5458999872207642,548.45,2,276
0.5052483386021158,0.36186134000000003,0.8292999863624573,70.85,2,859
1.557415664436666,0.10011112,0.5543000102043152,65.59,2,528
1.5989595739277307,0.14559073,0.25110000371932983,50.26,2,798
1.324554847616057,0.24968610000000005,0.7756999731063843,86.8,1,542
0.6865475287857854,0.07533575999999999,0.9291000366210938,72.01,1,397
1.2878981085554777,0.10210329000000003,0.24129998683929443,59.06,1,403
1.6578891217247445,0.09051944999999999,0.47429999709129333,30.26,1,166
0.3846163862459858,0.027635419999999997,0.7239000201225281,77.36,1,1261
1.7988261129089802,0.2151993,0.4486999809741974,229.33,4,6155
1.6504760734851032,0.03131292999999999,0.33160001039505005,55.81,1,385
1.0583077592934138,0.25960587999999984,0.22209998965263367,389.59,0,248
2.9257746119914243,0.35897976,0.26649999618530273,444.87,1,605
1.5436128637930921,0.10973374000000002,0.2712000012397766,469.9,3,186
0.42383467134068126,0.03376153999999999,0.4797999858856201,58.52,2,6756
1.6727891717166863,0.04451988,0.755299985408783,59.31,2,1674
2.4882989760133776,0.30196133000000003,0.2620999813079834,40.46,2,10406
0.7595134955710906,0.0973706,0.7103999853134155,116.7,0,61
1.7299101147116023,0.06316460999999997,0.5103999972343445,58.16,2,306
2.6840976130955068,0.21497454999999996,0.7095999717712402,603.27,2,17330
2.116784977460705,0.17992944000000002,0.5733000040054321,73.15,3,39191
2.676763038828367,0.25721487000000015,0.6555999517440796,171.87,3,2673
1.4519400945839966,0.11600540999999999,0.5537,51.38,2,400
1.1457442247956124,0.24278729000000007,0.4745999872684479,32.2,0,26
1.9913835736617262,0.14503632000000002,0.1889999955892563,315.6,2,3209
2.39461644698685,0.45194009999999996,0.5979000329971313,177.22,2,1197
1.5856826215157012,0.05518043,0.373199999332428,127.94,0,326
0.29390626316961044,0.19531057000000002,0.7391999959945679,199.49,1,817
2.387701520311491,0.04999326999999999,1.0555999279022217,59.66,4,4476
1.645377331072906,0.026995029999999993,0.7195999622344971,99.66,3,8100
1.4185752107733338,0.24289764,0.7264000177383423,459.41,2,730
2.0336761493102404,0.16462717000000002,0.9726000428199768,57.02,1,497
1.0957647956739427,0.030323370000000002,0.6643000245094299,43.53,1,774
2.174343642702401,0.16619235000000004,0.7402999997138977,122.18,2,15733
0.6821057545492775,0.30340307999999994,0.5622999668121338,72.3,1,747
1.4029125748577593,0.05045909,0.5583999752998352,61.24,0,1233
2.115157078864067,0.09822295999999998,0.3319000005722046,36.62,1,3001
2.171261954616802,0.05645664999999999,0.3741999864578247,34.68,0,546
1.9338340528389537,0.32274648,0.5900999903678894,93.96,1,2049
2.018593592399751,0.33099014000000004,0.6266000270843506,126.87,1,251
2.210155063123614,0.11695549999999998,0.4229000210762024,107.06,0,265
1.3226567927312065,0.24302397,0.5849999785423279,37.3,1,339
2.747107388801245,0.23895068000000003,0.60589998960495,86.28,1,3664
1.0008679142300498,0.28797518,0.39570000767707825,16.05,0,335
2.7649993506671264,0.38608470000000006,0.6256000399589539,400.78,3,3132
1.518325950962818,0.15078796999999994,0.3652999997138977,62.91,1,897
1.472213290566726,0.08115160999999999,0.5906999707221985,178.73,2,2603
1.500528614426552,0.28723723999999995,0.433499991893768,288.59,0,1888
1.366305677507654,0.25235836000000006,0.611800014972687,0.0,1,54
1.5041241512715788,0.16206572,0.2849000096321106,382.65,2,1988
1.6016305447086285,0.41890612000000005,0.5382000207901001,172.9,2,9344
1.8671601386446073,0.12901843999999998,0.42660000920295715,122.09,2,1740
2.314497260896636,0.09939332000000003,0.28040000796318054,157.63,3,294
1.309909107085611,0.05722837,0.3727000057697296,51.99,1,466
1.7555731749673724,0.3486112399999999,0.5755000114440918,120.94,1,3217
1.223049321227471,0.08652972000000002,0.682200014591217,154.58,2,305
2.148367421477336,0.17857382000000002,0.7373999953269958,436.2,4,15250
1.6120408726480622,0.36941208,0.597599983215332,230.98,4,3411
1.5459983892487634,0.13622145,0.554099977016449,93.43,1,505
1.3577730011041098,0.05429817,0.3151000142097473,66.99,2,1198
0.19149742160242691,0.13448399999999996,0.3863999843597412,95.54,1,338
1.674539928010821,0.3688017399999998,0.6718000173568726,829.49,4,1034
1.957026211079116,0.55133781,0.178600013256073,255.87,2,5853
0.46676099464851684,0.2851093599999999,0.3472999930381775,99.52,2,356
1.2872738153579666,0.49636226000000006,0.7473000288009644,296.46,3,504
2.689921128607439,0.25317186999999997,0.6618000268936157,263.26,4,5570
1.6993629939469344,0.13285159000000005,0.2858999967575073,27.58,1,1006
1.1056643831960438,0.12890596,0.26910001039505005,12.65,0,61
2.1872197687681827,0.29593685000000003,0.5631000399589539,51.78,3,884
3.4327967759847455,0.08761142999999999,0.16040000319480896,70.46,2,221
2.018256990583795,0.10950302999999997,0.4702000021934509,39.12,2,55
1.2976432868960646,0.3505293199999999,0.25620001554489136,85.27,4,727
1.719270719712058,0.24875720999999995,0.5533999800682068,14.8,3,2866
2.3162632162387173,0.33563776999999995,0.23149999976158142,79.76,3,465
1.851252771983246,0.07254645999999998,0.33560001850128174,55.97,1,1905
1.5698449813109678,0.20534049,0.1582999974489212,26.91,2,308
2.2213536206990296,0.14127332000000006,0.09800000488758087,40.68,1,1110
0.8164598898707093,0.21008954999999996,0.1794000118970871,31.66,2,242
0.9969144594580949,0.14390122,0.4453999996185303,37.3,1,177
0.17347444179933028,0.4876785199999999,0.09689999371767044,24.54,3,447
1.2367796925142434,0.26564152,0.3174000084400177,59.34,1,324
1.2865708266113898,0.1883144,0.17020000517368317,16.53,3,1239
1.4503906325264115,0.3660773299999999,0.11919999867677689,42.92,2,644
1.0694717443827109,0.14512946000000002,0.15649999678134918,19.87,3,320
1.0851839183765035,0.03796645,0.2833000123500824,34.83,1,204
2.1995395865702347,0.22835414999999998,0.24950000643730164,33.68,2,484
1.005190824351085,0.15197553,0.14720000326633453,46.54,1,878
1.6653976023557409,0.06371784000000001,0.7529000043869019,45.21,2,2046
1.6099422248741544,0.09218480000000001,0.4699000120162964,133.86,4,28710
1.8034601977524745,0.11021650000000002,0.22620001435279846,41.77,2,2163
