"page_size","stockCode","x1","x2","x3","x4","x5","total_words_num","result"
1460,"000012",0.000207657165710418,0.00424389718662996,0.00367783913491563,0.000130747104336189,0.000167663933795819,650110,1
1879,"000027",0.00187892521851732,0.00450760764001295,0.00251990935577857,0.000308190352865005,0.0007795403043056,772250,2
770,"000050",0.000374886547492206,0.000682124394685067,0.00139807313951981,1.12747833832242e-05,9.86543546032122e-05,354774,3
391,"000153",0.000394268059269242,0.000623660384662256,0.0017204424404476,1.43370203370633e-05,0.00012903318303357,139499,3
1619,"000423",0.000457085869813634,0.00109423587015991,0.00210017106092401,5.71357337267042e-05,0.000728913451483105,577572,3
93,"000519",0.000690581239209668,0.00387492806445425,0.00310761557644351,3.83656244005371e-05,0.000153462497602148,26065,2
641,"000543",0.000473376176268074,0.00316659972458113,0.00260536206105118,0.000326342666972688,0.000175722974523755,557696,2
248,"000545",0.00204970535485524,0.00770968718701232,0.00123448163417418,2.32921063051732e-05,0.000559010551324156,42933,4
261,"000550",0.000453688487402583,0.00348836036980653,0.00254065552945446,0.000120983596640689,0.00147196709246171,99187,2
834,"000553",0.00079646612812387,0.00200272353588931,0.00532098215411515,8.40597496700655e-05,0.000386674848482301,475852,1
302,"000570",0.000738797034621558,0.00306982905765164,0.00463658828624564,0.000101903039258146,0.000292971237867169,78506,1
267,"000576",0.000167241877366092,0.00208798949923728,0.000192581555754894,0,6.58831638108849e-05,197319,3
353,"000590",0.000129860760406897,0.000283769809778034,0.00019719596950677,1.44289733785441e-05,1.44289733785441e-05,207915,3
5993,"000591",0.000722042309497584,0.00596856860492817,0.004328421047666,4.71730377785273e-05,0.000338761377547049,3391768,4
2216,"000597",0.00169311768941459,0.00119416820272956,0.00137743163978212,1.89175160828445e-05,0.000206910332156112,845777,3
122,"000599",0.000314177248330933,0.00170179342845922,0.0051839245974604,5.23628747218222e-05,0.000130907186804556,38195,1
271,"000600",0.000825854759676265,0.00586356879370148,0.00382646038650003,0.000275284919892088,0.00105984694158454,72652,4
140,"000623",0.000408528022469041,0.00114898506319418,0.00112345206178986,2.55330014043151e-05,0.000178731009830206,39165,3
273,"000637",0.000441952324393006,0.00265171394635804,0.000690550506864072,2.76220202745629e-05,0.000359086263569317,72406,3
173,"000661",0.000970840123435387,0.00104018584653791,0.00280850178565237,6.93457231025277e-05,0.000208037169307583,86523,3
723,"000666",0.000960813352352743,0.00430889581421549,0.00496988088640142,7.04142173119032e-05,0.000427028156601219,440252,1
594,"000672",0.00135822219406342,0.00523885703424462,0.000756327810688377,7.91966293914531e-05,0.000617733709253334,252536,2
787,"000698",0.000713263490083115,0.00201594407647285,0.0056877603067721,7.56839073078546e-05,0.000366952277856265,436024,1
219,"000707",0.000245465350627875,0.000749315280864038,4.52173014314506e-05,9.68942173531084e-06,6.13663376569686e-05,309616,3
336,"000716",0.000110118818204843,0.000132142581845812,0.00114523570933037,1.10118818204843e-05,0.000220237636409686,90811,3
416,"000725",6.22252643462569e-05,0.000286680682166684,0.00102671686171324,1.55563160865642e-05,0.000246678726515519,449978,3
680,"000733",0.000572378776589708,0.00175167642835643,0.00379447654480591,9.86859959637428e-06,0.000468758480827778,202663,1
4209,"000737",0.000440327305684715,0.00202961361599864,0.00154948996490219,5.07082465730212e-05,0.000149557233563467,1557932,3
2948,"000755",0.000368948250253414,0.00174394611073392,0.000650413925704472,3.04287216703847e-05,0.000264349519511467,525819,3
1839,"000756",0.000998089780324737,0.00360076408787011,0.00287806431072907,4.29799426934097e-05,0.00039318688315823,628200,2
385,"000766",0.00046092891887651,0.000362858936136827,0.000617840891260003,1.96139965479366e-05,8.82629844657147e-05,101968,3
993,"000778",0.000601314645619509,0.00268014527761838,0.00358039920420302,9.96464269883757e-05,0.000281758862518855,291029,1
626,"000780",0.000176103188641736,0.000679627861350698,0.000174798720577723,3.652510579236e-05,7.82680838407714e-05,766596,3
516,"000782",0.00126291247045109,0.00188627311291733,0.00171626566497199,2.42867782779055e-05,0.00136005958356271,123524,3
266,"000788",0.000372822378380821,0.00119755066995052,0.000881216530718304,0,0.000101678830467497,88514,3
377,"000789",0.000840882161831594,0.00635120844959166,0.00209583508517117,2.54812776312604e-05,0.000522366191440839,156978,4
1562,"000790",0.000367576418301964,0.000300744342247061,0.00128930213389249,5.56933967124188e-06,0.00145916699386537,359109,3
4265,"000792",0.000567816922184282,0.00130355058659776,0.00135056727442194,7.44000334800151e-05,0.000269700121365055,1935483,3
281,"000807",0.00095222150137078,0.00380888600548312,0.00160098779900802,7.32478077977523e-05,0.000533662599669338,95566,2
349,"000811",0.000946526248667391,0.00478244841431945,0.00354698257395359,3.98537367859954e-05,0.000239122420715972,100367,4
893,"000821",7.85808302064711e-05,0.000746517886961476,0.000648291849203387,1.96452075516178e-05,0.000108048641533898,101806,3
1004,"000830",0.000968479330612181,0.00189774897172589,0.00316814291147628,3.5288720548622e-05,0.000309756547037904,255039,3
123,"000885",0.00167317345231456,0,0,0,0,1793,3
886,"000887",0.000572449969040971,0.000963818825426125,0.00300828300057245,1.16826524294076e-05,0.000227811722373448,171194,3
220,"000890",0.000254625700220676,0.00135800373451027,0.00662026820573757,0.00036071974197929,0.000297063316924122,47128,1
138,"000893",0.000773257197240067,0.000237925291458482,0.00136807042588627,0,0,16812,3
345,"000911",0.000793491764517292,0.00412776018915561,0.000817536969502665,3.206027331383e-05,0.000777461627860378,124765,2
486,"000912",0.00162616096566454,0.00321187016601404,0.00173133555548364,9.7084236756092e-05,0.000291252710268276,123604,2
284,"000922",0.000957107408720312,0.00363346331088267,0.00428925912796881,8.86210563629918e-05,0,56420,1
1199,"000960",0.000354487652550539,0.00196257254912071,0.000941003586770521,8.37879906028546e-05,0.000119236755857908,310307,3
1971,"000969",0.00059301627072348,0.002218034882706,0.00355296328433462,5.64777400689028e-05,0.000159164540194181,389534,1
560,"000972",0.000699279890495745,0.00115306790454086,0.000743914777123133,3.71957388561566e-05,9.67089210260073e-05,134424,3
1135,"000973",0.000347612630783888,0.0012209357217039,0.00189041189950991,8.58302792058982e-06,0.000167369044451502,466036,3
581,"000976",0.000223015901859787,0.000497242862665156,0.000302310444743267,1.982363572087e-05,2.9735453581305e-05,605338,3
24417,"000983",0.00109484831967181,0.00288122227762034,0.00150462933063289,0.000190843638674544,0.000403322681395103,6193552,3
883,"000985",0.00023233445008759,0.000896810977338098,0.000461571107507346,1.54889633391727e-05,0.000206003212410997,645621,3
1673,"000988",0.000251138438817022,0.000617035501994139,0.00328475772624912,4.15792117246724e-05,5.98740648835283e-05,601262,1
455,"000990",0.000817696677569289,0.00150628335341711,0.0037298444941757,1.43455557468296e-05,0.000989843346531245,69708,1
1171,"000999",0.000648562701368258,0.00126365119879493,0.00137244236160509,2.51056529561906e-05,0.000422611824762542,238990,3
1323,"002001",0.00107235533435384,0.00194006270413634,0.00531811843932734,6.54873486628302e-05,0.000600300696075944,366483,1
693,"002006",0.000149764409064203,0.000973468658917319,0.00426252548875039,6.9122034952709e-05,0.000239047037544785,347212,1
602,"002010",0.000820723960151811,0.00260273786258088,0.00437114860544943,7.2550184322812e-05,0.000272063191210545,220537,1
1929,"002020",0.000917131004043497,0.00151660986345735,0.00265108180856323,2.62719818866627e-05,0.000205399131113908,418697,3
1008,"002021",0.000666807658335718,0.00155754326163492,0.00218702959581006,7.46426483211624e-05,0.00019158279735765,401915,3
554,"002025",0.000737656752059813,0.00161284272907993,0.00322568545815986,3.75079704437193e-05,0.000125026568145731,79983,3
115,"002026",0.000477617124744909,0.000564456601971256,0.00373409752073293,4.34197386131736e-05,0.000564456601971256,23031,1
289,"002031",0.000289264933302182,0.000400520676879944,0.00176896632288642,0,0.000211385912797748,89883,3
1095,"002045",0.000319443824257808,0.000577059811562492,0.00181361655062498,3.43487983072912e-06,0.000188918390690102,291131,3
535,"002047",0.000513171399247349,0.002506185903301,0.0024385586646405,6.76272386605033e-05,0.000155144841632919,251378,2
2759,"002057",0.000721847463799285,0.00238675371094925,0.00391841571298931,5.75666884212691e-05,0.000710204762770264,1546033,1
296,"002064",0.00184060042887777,0.00686204431736955,0.00230521801286633,0.000107219442458899,0.000964974982130093,55960,4
2790,"002067",0.000810778021405723,0.00372691575897996,0.00135228305030079,0.000113923189139125,0.000738281446499007,675894,2
1068,"002073",0.000124826283422237,0.000609152263100518,0.000960330207128413,1.66435044562983e-06,8.65462231727513e-05,600835,3
567,"002090",0.000381034031101903,0.0010716582124741,0.0066323736038675,3.57219404158034e-05,7.14438808316068e-05,83982,1
990,"002099",0.000538012823603143,0.00122643783445018,0.00290604059200694,4.24239502482765e-05,4.82090343730415e-05,518575,3
528,"002101",0.00071097348068917,0.00115335697978465,0.00201442486195265,2.36991160229723e-05,0.000647775837961244,126587,3
4649,"002103",0.000530332171788026,0.00111581888944201,0.00206334570303661,2.68701633705933e-05,0.000318199303072815,707104,3
4917,"002110",0.000672366762082659,0.00680965597406674,0.0020398923798779,0.000394717621499989,0.00131986942202359,965247,4
973,"002112",0.000572193253656961,0.00322089428268193,0.00362235245258641,0.00010613261962992,0.000323012320612801,216710,1
276,"002118",0.000401962306898221,0.000283200716223747,0.000931821711445877,0.000100490576724555,0.000137032604624394,109463,3
799,"002121",0.000273782362860827,0.00194425156234501,0.00833250669576431,0.000301557385180042,6.74536256323777e-05,252025,5
973,"002128",0.000957729644414138,0.00301876383919336,0.00280997877671108,0.00017813771386103,0.000254756085414161,522068,2
235,"002136",0.000575112471592227,0.00192940958211586,0.000955428783451602,2.78280228189787e-05,0.000157692129307546,107805,3
318,"002167",0.0002567826735891,0.000838555918439403,0.000641956683972749,6.41956683972749e-05,2.80856049238078e-05,249238,3
191,"002176",0.00155991711485181,0.00467975134455542,0.00593699797443599,0.000302670484971246,0.000162976414984517,42951,5
1741,"002177",0.00027188172057628,0.00080476989290579,0.00194123548491464,1.3594086028814e-05,0.000481230645420017,367807,3
1114,"002179",6.32861324262321e-05,0.000100203043008201,0.00268438678374601,0,1.05476887377054e-05,379230,3
108,"002180",0.000472892152771983,0.00150212801468747,0.00230882639294556,2.78171854571754e-05,0.000250354669114579,35949,3
496,"002182",0.000548080348579102,0.00285001781261133,0.00237044750760461,0.000123318078430298,0.000356252226576416,72982,2
917,"002184",0.000511235827406785,0.0049760287200927,0.00622003590011588,0.000159051146304333,7.95255731521665e-05,176044,5
192,"002189",0.000564777526765544,0.00108044396424713,0.00304488753560554,0,0.000564777526765544,40724,3
1168,"002203",0.00082394182328695,0.00113639768354642,0.00209730645927587,3.85219553744548e-05,0.000680554544948702,467266,3
777,"002205",0.000774302237053116,0.00397518345131453,0.00412745209207393,1.61987915701489e-05,0.000735425137284759,308665,1
176,"002206",0.0017910447761194,0.00442786069651741,0.00213930348258706,0,0.000149253731343284,20100,2
145,"002221",0.000810199991471579,0.00157775787812886,0.00166304208775745,0,0.000127926314442881,23451,3
97,"002224",0.000343642611683849,0.000472508591065292,0.00524054982817869,4.29553264604811e-05,0.00107388316151203,23280,1
274,"002225",0.000993779675365306,0.00185873605947955,0.00213478596930325,3.68066546431595e-05,0.000883359711435828,54338,3
1039,"002233",8.5889866951228e-05,0.000421780596635494,0.000151841014788778,1.53374762412907e-06,7.97548764547117e-05,2607991,3
972,"002246",0.000799460475835302,0.00349708129932426,0.00255916677460127,2.233129820769e-05,0.00069227024443839,223901,2
93,"002248",0.000219506841296554,0.00197556157166898,0.00453647472012878,7.31689470988513e-05,0,13667,1
306,"002259",0.00105606179470159,0.000965542212298594,0.00259489469555247,4.52597912014966e-05,0.000226298956007483,66284,3
185,"002262",0.000570917464365235,0.000761223285820313,0.00184596646811426,0,5.70917464365235e-05,52547,3
2276,"002271",0.0004608032085112,0.00243460196809501,0.00141843332913057,6.00395059949447e-05,0.00079702444208289,666228,3
130,"002272",0.000625782227784731,0.0031984424975664,0.00528438325684884,0.000347656793213739,0.000208594075928244,14382,1
234,"002273",0.000516338422954931,0.00033193184332817,0.000958914214059158,0,0,27114,3
651,"002275",0.00116762635956494,0.00158349328214971,0.002319257837492,0.000111964171465131,0.000378545532096396,187560,3
370,"002286",0.000801737097043594,0.0016285284783698,0.00541172540504426,8.35142809420411e-05,0.000250542842826123,119740,1
90,"002287",0.000761142277224932,0.00217066501282666,0.00250895046937107,0,0.000902094550785104,35473,3
170,"002294",0.000494254293834178,0.000834054120845175,0.00905103175583838,0,0.000834054120845175,32372,5
135,"002295",0.000360640275196272,0.00160901045856798,0.00183094293561184,2.77415596304824e-05,0.000416123394457236,36047,3
642,"002300",0.000718784227820372,0.00412787513691128,0.00774233296823658,0.000349123767798467,0.000376506024096386,146080,5
539,"002308",0.000253026110662194,0.00113453643167887,0.0019548307581805,3.67295967090281e-05,7.34591934180563e-05,245034,3
305,"002309",0.00060980738497771,0.000809571873160064,0.00819034401547649,1.05139204306502e-05,0.000420556817226007,95112,5
385,"002329",0.00117645023442501,0.0010553450632342,0.00162626944170516,0,0.000916939153301846,57801,3
212,"002330",0.000506919450499316,0.000620976326861662,0.0010391848735236,2.53459725249658e-05,0.00039286257413697,78908,3
412,"002332",0.000824965152334082,0.00106676528319062,0.00275936619918641,1.42235371092083e-05,0.000341364890621,70306,3
722,"002339",0.000771309602514585,0.00880916756556132,0.00251110569841215,0.000139183687671805,0.000162380968950439,172434,4
400,"002342",0.00011392332959918,0.00017088499439877,0.00127214384719084,0,7.59488863994532e-05,52667,3
469,"002347",0.000746051074485053,0.00198946953196014,0.00399608966333373,2.57258991201743e-05,0.000265834290908467,116614,1
132,"002361",0.000369503633452396,0.00252494149525804,0.00175514225889888,0.000123167877817465,0.000215543786180564,32476,2
181,"002364",0.000697963766576639,0.00382362759081116,0.00570509513549601,9.10387521621704e-05,0.000303462507207235,32953,1
185,"002370",0.000511099139419557,0.00156783114389513,0.000960037572693492,0.000138134902545826,0.000345337256364566,144786,3
2285,"002374",0.000609211083407819,0.00277790845368584,0.00272145646140095,3.76346615232629e-05,0.000308133791221715,425140,2
284,"002377",0.000525067091906188,0.00208082143829489,0.00186690521566645,7.77877173194353e-05,0.000252810081288165,51422,3
235,"002378",0.00120299265020929,0.00271909297650044,0.00530635114201905,9.88761082363798e-05,0.000411983784318249,60682,1
970,"002390",0.000500866543444632,0.00117903097837409,0.00195914170090732,3.98920255840857e-05,0.000682596882216578,225609,3
182,"002395",0.000315723005683014,0.000578825510418859,0.000841928015154704,0,0,19004,3
139,"002402",0.000232023944871111,0.00064966704563911,0.00143854845820089,0,0.000185619155896889,43099,3
733,"002406",0.000170860515688102,0.000512581547064306,0.00194159676918298,4.65983224603914e-05,4.65983224603914e-05,64380,3
672,"002411",0.000919072122396192,0.00521174431083349,0.0073360667015217,0.000297184997661044,0.000324702127074104,181705,5
744,"002422",0.00112227528132203,0.00146121748037901,0.00356265911453234,1.50640977358661e-05,0.000512179323019448,132766,1
456,"002437",0.000285488404778637,0.000710060904193019,0.00301592878894355,0,0.000358690559850082,136608,3
612,"002438",0.000259187025251488,0.000764730034900431,0.00404434407719154,2.05296653664545e-05,0.000189899404639704,389680,1
265,"002440",0.000378553238350884,0.00275311446073371,0.000653864684424255,3.44139307591713e-05,0.000206483584555028,29058,3
706,"002443",0.000719883173245028,0.00208766120241058,0.00269956189966885,4.62782039943232e-05,0.000272527201299903,194476,3
331,"002450",0.000560140201428635,0.000781977904964728,0.00560140201428635,1.6637827765207e-05,0.00014419450729846,180312,1
372,"002455",0.000550961350318734,0.000587005550806875,0.001127668558129,2.05966859932237e-05,0.000128729287457648,194206,3
122,"002457",0.000646010288311999,0.00925948079913865,0.00133987319057304,2.39263069745185e-05,0.000765641823184591,41795,4
1008,"002471",0.00137311678237785,0.000727510996979143,0.00219698685180456,1.92718144895137e-05,0.000327620846321733,207557,3
558,"002472",0.000663051897753679,0.00147482571649884,0.00246630518977537,7.43609604957397e-05,0.000941905499612703,161375,3
87,"002476",0.000728911271618846,0.00265058644225035,0.00278311576436287,0.000198793983168776,0.000331323305281293,15091,2
547,"002478",0.000568806997258537,0.00314242554223159,0.00333824434456649,0.000102571753603998,0.000289065851065814,107242,1
339,"002487",0.000101795675719695,0.000135727567626261,0.001426496735752,4.61473729929286e-05,1.62873081151513e-05,736770,3
482,"002498",0.00100344604497023,0.00188146133431918,0.00415901979165291,0.00010562589947055,0.000204650180224191,151478,1
567,"002512",0.000302198969690388,0.000958537356986699,0.0011143587007333,4.72185890141231e-06,0.00042968916002852,211781,3
946,"002520",0.000550486262865531,0.00119272023620865,0.00365322701719853,6.67256076200644e-05,0.000108429112382605,119894,1
966,"002529",0.00074303505590935,0.00446628680345511,0.00516086305137037,9.69176159881761e-05,0.000799570331902452,247633,1
201,"002534",0.00252835703184802,0.00526547748834404,0.00447681566189604,6.95878082160006e-05,0.000324743105008003,43111,4
362,"002541",0.00108324646922967,0.00176793999223333,0.000899298955586895,9.1973756821387e-05,0.000551842540928322,97854,3
137,"002546",0.000755643713988854,0.00798148672900727,0.00368376310569566,0,0,21174,4
468,"002552",0.000328209131310264,0.00101123894511811,0.00128622497405374,7.09641364995166e-05,9.31404291556155e-05,225466,3
158,"002554",0.000500059530896535,0.00219073699249911,0.000547684248124777,0.000119061793070604,9.52494344564829e-05,41995,3
150,"002571",0.000692831234462241,0.00252679626686229,0.00301585360883564,0,0.000326038227982231,24537,2
727,"002582",0.000587229808832385,0.000796687575040115,0.00174672815748232,1.49612690148378e-05,0.000501202511997068,267357,3
293,"002587",0.00031540117658352,0.00142616184194287,0.003112872481933,5.48523785362643e-05,2.74261892681321e-05,72923,3
1658,"002588",0.000811637957774148,0.00276577265865713,0.0039030997332451,2.58483426042722e-05,0.000395479641845365,386872,1
209,"002591",0.000548274516833082,0.00818194278966292,0.00236179791866558,8.4349925666628e-05,0.00108600529295784,94843,4
241,"002596",0.000212509055783627,0.00098526925863318,0.000260806568461724,3.86380101424777e-05,0.000202849553248008,103525,3
334,"002598",0.000289779477817381,0.00330348604711814,0.000927294329015619,5.79558955634762e-05,0.000695470746761714,34509,2
897,"002600",0.000180061220815077,0.00156053058039734,0.00268376962452948,3.4297375393348e-05,0.000145763845421729,116627,3
266,"002601",0.00131810866733083,0.0054870104988888,0.0053643957391371,0.000352517434286152,0.000796995938386083,65245,5
806,"002603",0.000687271955057047,0.000644800092665882,0.00601556014594876,0.000193053919959845,0.000760632444641788,258995,1
1222,"002604",0.00110009520701639,0.00188395509458464,0.00446093652753434,0.000309506908396048,0.000783859887568251,297247,1
282,"002613",0.000236574402649633,0.00833576865806649,0.00512114001029794,5.56645653293255e-05,9.74129893263196e-05,71859,4
203,"002614",0.000302289845580271,0.0020152656372018,0.00224198302138701,0,0.000554198050230496,39697,3
60,"002619",0.000227143668370244,0.000113571834185122,0.00124929017603634,0,0.000681431005110733,8805,3
105,"002632",0.00148646257299593,0.00502565917536719,0.00563911991977821,0.000117973220079042,0.000920191116616528,84765,5
265,"002637",0.000387076208474692,0.000910767549352217,0.0020947653635101,4.55383774676108e-05,0.000113845943669027,43919,3
87,"002648",0.0029747149231532,0.00155818400736596,0.00219562291947022,0,0.000141653091578724,14119,2
1107,"002650",0.000120770123808856,0.000225957005835924,0.000467497253453636,3.89581044544697e-06,3.50622940090227e-05,513372,3
341,"002653",0.000455304295037183,0.000455304295037183,0.00120330420831256,0,0.000292695618238189,92246,3
769,"002664",0.000680656086061491,0.00317501162095757,0.00366060163357461,4.98041038581579e-05,0.000253170861278969,240944,1
123,"002670",0.00161544364120997,0.00302895682726869,0.00193853236945196,0,0.000848107911635233,24761,2
148,"002671",0.00022991148407863,0.000344867226117945,0.000977123807334176,0,0,34796,3
173,"002675",0.000190448983478551,0.000666571442174927,0.00180926534304623,0,0,21003,3
195,"002688",0.00103119360659964,0.00250432733031341,0.000994365263506795,0,0.000368283430928443,27153,3
366,"002689",0.000807154918078415,0.00236579889781604,0.00141020169595309,2.78329282096005e-05,0.000241218711149871,107786,3
307,"002690",0.000714112945024821,0.000633487289941374,0.00429619562087513,2.30359014524136e-05,0.000103661556535861,86821,1
194,"002694",0.000697021259148404,0.00360811004735644,0.00211156440271428,0.000164005002152566,0.000635519383341192,48779,2
1170,"002695",0.000345513683533294,0.000613584644895333,0.00137014046918375,1.19142649494239e-05,0.000971012593378051,167866,3
99,"002723",0.000402799456220734,0.000755248980413876,0.00297064598962791,0,0.000352449524193142,19861,3
190,"002743",0.000248721846068813,0.00234903965731657,0.00389664225507807,0,0.00011054304269725,36185,1
570,"002745",0.000342390373939201,0.00224999388588618,0.00124727921934995,0.000228260249292801,0.000195651642250972,122667,3
178,"002749",0.000734937456822424,0.00108770743609719,0.000543853718048594,1.46987491364485e-05,0.00102891243955139,68033,3
150,"002756",0.00023069115068746,0.000830488142474855,0.0034142290301744,0,0.000507520531512411,21674,1
148,"002787",0.00102313167259786,0.00460409252669039,0.00209074733096085,0.000222419928825623,0.000822953736654804,44960,2
201,"002810",0.00075957539735288,0.00332314236341885,0.00208883234272042,0,0.000113936309602932,52661,2
180,"300001",0.000833653969475439,0.00115429011158138,0.00957633277756402,0,0.000342011884913001,46782,5
258,"300006",0.000335217486793587,0.000346776710476124,0.0024043185259678,4.62368947301499e-05,0.000265862144698362,86511,3
1210,"300024",0.000296499594213696,0.00149200116319072,0.00381648195628912,5.32178758845096e-05,5.13172374600628e-05,526139,1
234,"300031",0.000897983618601867,0.00217692998448937,0.00356472284960135,0,0.000571444120928461,36749,1
229,"300034",0.000226813944521309,0.00104334414479802,0.00242690920637801,9.07255778085237e-05,6.80441833563927e-05,44089,3
378,"300035",0.00019557641704004,0.00471161368323732,0.00718298840765237,0,0.000302254462698243,56244,5
322,"300041",0.000695212513825249,0.00238584294517301,0.00341286143150577,7.90014220255965e-05,0.000379206825722863,63290,1
879,"300062",0.000422952961206112,0.00145088927198552,0.00466854407812316,0.000187384223319164,8.56613592316176e-05,186782,1
337,"300064",0.000306831931362276,0.000272096241019377,0.000897338667191562,2.31571268952661e-05,0.000115785634476331,172733,3
791,"300066",0.000236671066782245,0.00105602773871226,0.000617934487434493,5.10749110685087e-05,4.67587214007474e-05,1390115,3
290,"300067",0.00082258064516129,0.00333870967741936,0.00235483870967742,3.2258064516129e-05,0.000370967741935484,62000,2
661,"300073",0.000839294602164599,0.00253740228561391,0.00828071476670538,0.000102472015380562,0.000107351635160588,204934,5
1000,"300080",0.000169019797852322,0.0011380666388723,0.00454099856896571,0,5.63399326174406e-05,88747,1
3364,"300088",0.000437705174300453,0.00194223695418452,0.00058062931284754,3.63690888267141e-05,0.000176102956424089,1567265,3
527,"300099",0.000704920344001128,0.000963391136801541,0.00195027961840312,1.17486724000188e-05,0.000317214154800508,85116,3
216,"300103",0.000330991872310691,0.003034092162848,0.00358574528336582,9.19421867529697e-05,0.000294214997609503,54382,1
369,"300110",0.000655594405594406,0.00174825174825175,0.00200320512820513,1.82109557109557e-05,0.000673805361305361,54912,3
268,"300114",0,0.0001998001998002,4.44000444000444e-05,0,4.44000444000444e-05,45045,3
251,"300130",0.000248273721778261,0.000550857320195516,0.00241291023353247,1.55171076111413e-05,0.00024051516797269,128890,3
99,"300135",0.000613496932515337,0.00109783661608008,0.00100096867936713,3.22893122376493e-05,0.000193735873425896,30970,3
94,"300138",0.000794763908368396,0.000888265544647031,0.00313230481533427,0,0.00018700327255727,21390,3
192,"300140",0.000937764461014158,0.00761647720774914,0.00388829166761968,0.000114361519635873,0.000571807598179365,43721,4
524,"300145",0.00111685975260047,0.0089228038613162,0.00229409030263881,0.000271668588470385,0.000917636121055523,165643,4
275,"300149",0.000639613964635015,0.000323855171967096,0.00087440896431116,3.23855171967096e-05,0.000194313103180258,123512,3
323,"300151",0.000184195091685531,0.000843419630349534,0.000130875459881824,0,2.90834355292943e-05,206303,3
1014,"300158",0.00026990846661196,0.000536194000786176,0.000324252453178127,2.89834595019555e-05,0.000231867676015644,552039,3
64,"300159",0.000567951318458418,0.000730223123732252,0.00243407707910751,0.000324543610547667,0,12325,3
1324,"300162",0.000458134061176653,0.00579091149286256,0.00264942078765123,5.33277743168591e-05,0.000176951251142305,412543,4
150,"300169",0.000563327387099803,0.00300441273119895,0.00438143523299847,6.25919318999781e-05,0.000438143523299847,31953,1
116,"300173",0.000379410648792209,0.00246616921714936,0.003620209940559,3.16175540660175e-05,0.000474263310990262,63256,1
479,"300185",0.000222752585521082,0.00175019888623707,0.00356404136833731,0.000175019888623707,7.95544948289578e-05,62850,1
299,"300193",0.000278160752727185,0.00178990397407058,0.00183827975715357,2.41878915414943e-05,0.000205597078102702,82686,3
242,"300194",0.000821414992935831,0.000708763793904631,0.00190098898365149,1.40813998789e-05,0.000225302398062399,213047,3
342,"300201",0.000622068293010979,0.000672506262714572,0.00082382017182535,0,0.000109282267691118,118958,3
428,"300202",0.000242313051154016,0.000778863378709337,0.00160099694512475,8.65403754121485e-06,0.000147118638200653,115553,3
334,"300217",0.000480396142049444,0.00218025941391671,0.00363992461475925,7.39070987768375e-05,0.000184767746942094,54122,1
183,"300218",0.00188225970230577,0.00220422517770018,0.00636500978279714,0,0.000965896426183223,40377,1
88,"300222",0.000314564328405159,0.00113243158225857,0.00717206668763762,0,0.000440390059767222,15895,1
109,"300227",0.000916065498683156,0.000343524562006183,0.0041795488377419,5.72540936676972e-05,5.72540936676972e-05,17466,1
294,"300228",0.000256714060031596,0.00219194312796209,0.00438388625592417,1.97472353870458e-05,5.92417061611374e-05,50640,1
1949,"300232",0.00029567440281726,0.00545075098646527,0.00267300267300267,7.02723917009631e-05,0.000266504730790445,754208,4
791,"300233",0.000362431396914156,0.000704152428290359,0.00313762037899969,3.10655483069276e-05,0.0011597804701253,96570,3
322,"300236",0.000523161799676591,0.000776816005580393,0.0040901740701988,1.58533878689876e-05,0.000237800818034814,63078,1
260,"300252",0.000243457090687766,0.000452134596991566,0.00107816711590297,3.47795843839666e-05,0,57505,3
939,"300272",0.000464440728918613,0.00216457527599038,0.000447551975139754,7.31845997083875e-05,0.000678364943450823,355266,3
127,"300276",0.000392173950934681,0.00209159440498497,0.00418318880996993,8.71497668743736e-05,8.71497668743736e-05,22949,1
436,"300283",0.000726040658276864,0.00330018481034938,0.00433424271759218,0.000220012320689959,0.000363020329138432,90904,1
156,"300285",0.00030087253033798,0.000661919566743556,0.00180523518202788,0,4.01163373783974e-05,49855,3
812,"300286",0.00191501744324038,0.00824530430570051,0.00312125084127464,0.000227591207176276,5.20208473545773e-05,307569,4
209,"300301",0.000222727070248118,0.00432090516281349,0.00140318054256314,0.000111363535124059,0.000289545191322553,44898,2
475,"300306",0.000125331933793406,0.00323513054104229,0.0027103030682824,4.69994751725272e-05,1.56664917241757e-05,127661,2
121,"300323",0.000645473616265935,0.00161368404066484,0.00379215749556237,0,8.06842020332419e-05,12394,1
371,"300334",0.0013833207382834,0.00972167074404724,0.00418838779091363,0.000230553456380567,0.00088378824945884,78073,4
252,"300338",0.000483831152801777,0.00150086398420143,0.00112564798815107,5.92446309553197e-05,0.000414712416687238,101275,3
493,"300340",0.000633878966404415,0.00223721988142735,0.0049684924866699,0.000186434990118946,0.000549983220850889,107276,1
149,"300351",0.0013099647664649,0.000406540789592556,0.00898906856987984,0,0.000813081579185112,22138,5
100,"300356",0.000865051903114187,0.00436645246333828,0.00152413906739166,0,0.000205964738836711,24276,2
411,"300361",0.00120325359772826,0.000882385971667389,0.00420336590139738,0,0.000320867626060869,62331,1
89,"300368",0.000430246316015919,0.00182854684306766,0.00607722921372486,0,5.37807895019899e-05,18594,1
420,"300372",0.001101768628588,0.00176862858799652,0.00279791243838794,0.000115975645114526,8.69817338358945e-05,68980,3
735,"300381",0.00104231493182955,0.00113394701374863,0.0013133931741735,6.87240614393109e-05,0.000255806228690768,261917,3
130,"300394",0.000399013348810215,0.000761752756819501,0.00301073708647707,0,0.0002539175856065,27568,3
90,"300395",0.000897411675798224,0.00118080483657661,0.00684866805214434,9.44643869261289e-05,0.000897411675798224,21172,1
92,"300398",0.000380493373073752,0.000760986746147505,0.00272686917369522,0,0.000253662248715835,15769,3
69,"300400",0,0.00125876640891926,0.00458550620392016,8.99118863513757e-05,8.99118863513757e-05,11122,1
1427,"300406",0.000158522127232985,0.000194245423510841,0.0026256622764224,1.78616481389279e-05,8.03774166251755e-05,447887,3
63,"300408",0.000106666666666667,0.00117333333333333,0.00789333333333333,0,0.000106666666666667,9375,5
452,"300409",6.729112833764e-05,0.00040374677002584,0.000888242894056848,2.6916451335056e-05,0.000148040482342808,74304,3
257,"300415",0.000303574427406958,0.00338453191406906,0.00322305615481004,9.04264251850512e-05,0.000200229941481185,154822,1
72,"300429",0.00107653161088276,0.00137013114112351,0.00420825993345077,0,0,10218,1
111,"300437",0.000412881915772089,0.00196118909991742,0.00103220478943022,0,0.000206440957886045,19376,3
392,"300439",0.000321075792773906,0.000195163717176296,0.00123393834085658,2.5182415119522e-05,6.92516415786856e-05,158841,3
172,"300447",0.000551428849459924,0.000713613805183431,0.00347075805248305,0,0.000259495929157611,30829,1
589,"300452",0.000565462531960926,0.000893266898315086,0.00203238707139579,8.195109158854e-06,0.000131121746541664,122024,3
150,"300463",0.000837785499443765,0.000494430786556976,0.00193652058068149,1.37341885154716e-05,6.86709425773578e-05,72811,3
245,"300466",0.000399631643876079,0.00151165013118343,0.00116414435389988,3.47505777283547e-05,0.000191128177505951,57553,3
231,"300470",0.000494902504206671,0.000197961001682669,0.00440463228743937,0,4.94902504206671e-05,20206,1
106,"300474",0.000100853896322195,0.000571505412492436,0.00184898809924023,0,0,29746,3
164,"300480",0.00225470377857254,0.00132172290468045,0.00649199191416576,3.88742030788369e-05,0.000310993624630695,25724,1
485,"300484",0.000177981914740921,0.00932395579158892,0.00115401176977178,5.16721687957514e-05,1.72240562652505e-05,174175,4
308,"300485",0.000873300604229607,0.000377643504531722,0.0021714501510574,0.000118013595166163,0.000330438066465257,42368,3
341,"300486",0.000234756479278828,0.000782521597596094,0.00118943282834606,0,1.56504319519219e-05,63896,3
781,"300490",0.000366621360612347,0.00253058158666571,0.00449781815580514,0.000375563345017526,9.83618284569712e-05,223664,1
139,"300491",0.000623561013046815,0.000575594781273983,0.00441289332310054,0,0.000191864927091328,20848,1
161,"300509",0.000554016620498615,0.00481301939058172,0.00671745152354571,3.46260387811634e-05,0.000242382271468144,28880,5
681,"300515",0.000110506395557643,0.000460443314823512,0.00216408357967051,5.52531977788215e-05,0.00104060189150114,108591,3
486,"300527",0.000546252915099691,0.000378175095069017,0.00230056516166985,0,0.000210097275038343,95194,3
570,"300530",0.00188701891019657,0.00588776571626704,0.00176699650601446,0.000113354492838663,0.000886832208678953,149972,4
326,"300534",0.000894925977828035,0.00129035838663577,0.00195634981199617,1.3874821361675e-05,0.000221997141786799,144146,3
8728,"600005",0.000677888966544396,0.00260888145545536,0.00446732793215719,0.000136370645901329,0.000394444164743669,2522537,1
956,"600010",0.000341671056190652,0.00229204333527896,0.000265744154814952,4.74543133598128e-06,0.00122906671601915,210729,3
4500,"600019",0.000700987836728193,0.00265530897017266,0.00466146612876206,8.61645186184017e-05,0.000644689107431707,2913032,1
1317,"600023",0.000522582646989978,0.00451271889952804,0.00251492898863927,0.000261291323494989,0.00051169550851102,183703,2
804,"600031",8.54761018875134e-05,0.000201120239735326,0.00139275766016713,5.02800599338314e-06,0.000125700149834579,198886,3
628,"600069",0.00104212642832622,0.00300377617576382,0.00186765403037288,8.58221764503948e-05,0.00112794860477662,244692,2
1699,"600071",0.000379600669188246,0.00109106779167879,0.00173888929298807,4.09150421879546e-05,0.000211394384637765,439936,3
92,"600073",0.000579920260964117,0.00111151383351456,0.00306874471426845,0,9.66533768273529e-05,41385,3
330,"600075",0.00134165338519859,0.00952663947342356,0.00679831077734857,7.20350810844881e-05,0.0012696183041141,111057,4
297,"600078",0.000848806366047745,0.00356498673740053,0.00252519893899204,8.48806366047745e-05,0.000318302387267905,47125,2
938,"600085",0.000291706776348415,0.000515348638215532,0.000923738125103313,0,0.0001409916085684,205686,3
1716,"600101",0.000673293598244965,0.00465839666682402,0.000616150599131923,0.000106832563559164,0.000313044256010574,402499,2
3395,"600103",0.00109506137186706,0.00194707472426157,0.000152465547270598,0.000108519595410249,0.00059102820971367,1115006,3
3021,"600111",0.00114892109392135,0.002721306497056,0.00238894606313161,0.000197391729792654,0.000256440537850286,592730,2
573,"600116",0.000322679292636374,0.0022250108087018,0.000225664603347007,3.58532547373749e-05,0.000107559764212125,474155,3
1052,"600117",0.000518700404502654,0.00190329583910248,0.00076550140341924,7.11121522302026e-05,0.000290723210588181,478118,3
553,"600127",0.000326961222399023,0.00150402162303551,0.00186367896767443,1.08987074133008e-05,0.000239771563092617,91754,3
83,"600143",0.000648955587102008,0.00081119448387751,0.0021496653822754,0,0.000243358345163253,24655,3
310,"600157",0.000479543011319323,0.00097489513290192,0.00097489513290192,0.000137012288948378,7.37758478952805e-05,189764,3
498,"600165",0.000671573631332939,0.00204158383925214,0.00104765486487939,0.00010745178101327,0.000188040616773223,74452,3
254,"600169",0.000430130652185601,0.000698962309801602,0.00567234797569762,2.68831657616001e-05,0.000591429646755202,37198,1
2081,"600184",0.00087552991177685,0.00367938743171407,0.00444898903317718,8.64720900520346e-05,0.000283196094920413,462577,1
734,"600192",0.000667681542611436,0.00208850786528857,0.00647384023716048,1.60243570226745e-05,0.0005020965200438,187215,1
318,"600216",0.000982609373781486,0.00224596428292911,0.00511580753333853,7.79848709350386e-05,0.000967012399594479,64115,1
747,"600219",0.000225411375760763,0.00341873919903824,0.00266736794650237,1.87842813133969e-05,0.000281764219700954,53236,2
556,"600222",0.00147513228695793,0.000944308168545039,0.00122368928349919,1.67628668972492e-05,0.00041907167243123,178967,3
782,"600237",0.000112592687909154,0.00116345777506126,0.000407478299099795,5.36155656710256e-06,8.84656833571923e-05,373026,3
54,"600243",0.000524292205522545,0.0012233484795526,0.002883607130374,0,0,11444,3
167,"600249",0.000569787583188987,0.000546996079861428,0.00271218889597958,2.27915033275595e-05,0.000569787583188987,43876,3
193,"600256",0.00154272290592896,0.00266470320115003,0.00506644227060762,7.01237684513166e-05,0.00112198029522107,57042,1
682,"600268",0.000450428131939408,0.00265752597844251,0.00465292260293409,0.000126119876943034,0.00054051375832729,222011,1
331,"600293",0.000449274946708344,0.00787665012952501,0.00379493944347261,0.000114708497031918,0.000219857952644509,104613,4
100,"600295",0.000557369217294371,0.00172519043448258,0.00281338747777158,2.65413912997319e-05,0.000345038086896515,37677,3
7163,"600298",0.000458262795816449,0.00200193791219705,0.00192329215185891,4.58766935305796e-05,0.000193589563909259,1983578,3
810,"600302",0.000711147480297318,0.00389669852217709,0.00487736765025832,9.74174630544271e-05,0.000149373443350122,307953,1
213,"600305",0.000289577439689929,0.0016260886997973,0.0016260886997973,0,0.00051232931637449,44893,3
1031,"600308",0.00117595626933804,0.00339908973529123,0.00135556918655682,5.42227674622728e-05,0.000762507667438211,295079,2
168,"600328",0.00065913037315284,0.00235302455792197,0.000737092030192423,4.25245402034091e-05,0.000148835890711932,141095,3
551,"600343",0.00080845676281709,0.00588037890690544,0.00273044831215583,6.86425553335265e-05,0.000167792913037509,131114,4
412,"600352",0.000773343517280886,0.00300744701164789,0.00293106740500286,4.77372541531411e-05,0.000506014894023296,104740,2
997,"600356",0.000487094021222807,0.00125195240165531,0.000869523211439061,2.01278521166449e-05,0.000144920535239843,248412,3
96,"600367",0.00157786777468048,0.00241939725451007,0.000525955924893494,0.000118340083101036,0.00106506074790933,76052,3
213,"600378",0.000575948395023806,0.00454359289407669,0.00168944862540316,0.000191982798341269,0.00030717247734603,78132,2
1519,"600379",0.000594153723772532,0.00208444839455736,0.00253129127772513,2.7006987444206e-05,7.36554203023801e-05,407302,3
415,"600380",0.000336379436003812,0.000392442675337781,0.000953075068677468,3.11462440744271e-05,0.000199335962076333,160533,3
267,"600387",0.00244675303838595,0.00260719586057519,0.00104287834423007,2.00553527736553e-05,0.000742048052625246,49862,3
2797,"600399",0.000897156135743344,0.00114900355322107,0.000222880941346104,5.23005819043205e-05,0.000175408105463721,1242816,3
532,"600406",0.000807444915834132,0.0049609963049131,0.00590529629122759,0.000102641302860271,0.000684275352401806,146140,5
346,"600419",0.00143317203122629,0.00273145728304305,0.000455242880507174,6.74433897047666e-05,0.000219191016540491,59309,3
1710,"600420",0.000844348686892215,0.00115491372115142,0.00183427473359343,2.18366039713504e-05,0.000218366039713504,412152,3
776,"600456",0.000498419076990172,0.00178340575985546,0.00189632883198604,8.56657788576858e-05,8.95596778966715e-05,256812,3
847,"600470",0.0011899880555506,0.00438557395753481,0.00176492610486157,0.000205016668746546,0.000699730804200168,224372,2
853,"600475",0.00128568853127876,0.00235314210890873,0.00206374358341794,5.21866193507985e-05,0.000308375477981991,210782,2
72,"600488",0.0023276240667545,0.00316205533596838,0.00575318401405358,0,0.00105401844532279,22770,1
5879,"600489",0.00120277160413126,0.000392208131781932,0.000339913714211008,5.22944175709243e-05,5.22944175709243e-05,38245,3
4889,"600497",0.000892132482322921,0.00202450442495114,0.00182517060248161,0.00013115775940992,0.000331140877718115,1540130,3
224,"600513",0.000232297030469627,7.74323434898757e-05,0.000503310232684192,0,0,25829,3
1753,"600516",0.000854744863807219,0.00427887338448072,0.00162538832535228,0.000175068225117141,0.00121003037948612,582630,2
1634,"600521",0.000832970077815806,0.00178678555552199,0.00264780902974092,1.9421582125239e-05,0.000390589596074251,463402,3
398,"600531",0.000466362718825044,0.0013294817805311,0.00138516688128633,0.000247102634601329,0.000180976577454495,287330,3
9601,"600535",0.000644005152041216,0.00175373554887173,0.0025317164562633,0.000195292701582119,0.000299850500069823,2821406,3
195,"600538",0.000691990213281269,0.0013345525541853,0.00227368212935274,2.47139361886168e-05,9.8855744754467e-05,40463,3
540,"600547",0.00215360479212722,0.00382229194894103,0.00242458817656707,0.000370819368180846,0.000998359837409969,70115,2
298,"600558",0.000832309239191152,0.00068707406993632,0.00132387442743828,1.67579041447883e-05,0.000195508881689197,179020,3
369,"600569",0.00105678847544357,0.00463503717299813,0.00185401486919925,5.56204460759775e-05,0.000556204460759775,53937,2
1745,"600592",0.000769501110608319,0.00103365820827983,0.00153900222121664,4.5940364812437e-06,0.000684511435705311,435347,3
243,"600595",0.000618310519807258,0.00472261310818302,0.00434949469105795,0.000319815786107202,0.000181228945460748,93804,1
397,"600609",0.000182078609404967,0.00214245830399845,0.00311354422082494,0.000212425044305795,0.000236702192226457,164764,1
268,"600615",2.43085941298218e-05,0.00013890625217041,1.3890625217041e-05,1.04179689127808e-05,3.12539067383423e-05,287964,3
780,"600636",0.000542638894686313,0.00236534902811983,0.00195489140265197,0,6.2612180156113e-05,143742,2
8545,"600644",0.000777927883708936,0.00267814431672455,0.0010626876648763,9.03751973061958e-05,0.000297614873887645,2567076,3
1414,"600653",0.000435087447034339,0.00174312104576178,0.00375228282346812,0.000205073064207268,0.000246641928573606,360847,1
5071,"600664",0.000396958593091342,0.000769638373149575,0.00191347395217195,2.18509317297987e-05,0.000139299689777466,3295054,3
2771,"600668",0.0010745875323937,0.00149034265926543,0.00137212474779072,4.25053164852885e-05,0.000312148417938838,752847,3
374,"600674",0.00049235213024355,0.0003282347534957,0.00091905730978796,0,0.00016411737674785,30466,3
970,"600688",0.000728943599052657,0.00193439507608526,0.00455093387035015,8.22543360798718e-05,0.000560180392268092,705130,1
120,"600703",0.000563653728725986,0.000516682584665487,0.00173793233023846,0,0.000172227528221829,63869,3
1909,"600720",0.00027654722273192,0.00117565335919683,0.000589792655115468,9.17455241290728e-05,0.000116647880678393,762980,3
3288,"600740",0.00162975853003639,0.00465538372299718,0.00159794923610916,0.000121623770898238,0.000658639497787383,534435,2
576,"600765",0.000646512067396396,0.00191467035344317,0.00486873318446979,7.95707159872488e-05,0.00017903411097131,201079,1
149,"600789",0.00160825571265831,0.00257991020572271,0.00365208068082825,3.35053273470482e-05,0.000536085237552771,29846,1
2001,"600801",0.00102799727084988,0.00265348534125465,0.000725338175878853,2.34821711615456e-05,0.000717510785491671,766539,3
2628,"600808",0.00124335108491898,0.00469428470836756,0.00319507396141594,0.00012687255968561,0.000870134305177141,945831,4
251,"600819",0.000463808013405548,0.00496723420808522,0.00139142404021664,0.00011969239055627,0.00031419252521021,66838,2
141,"600860",0.00123716441915131,0.00179388840776939,0.00290733638500557,0,0,16166,3
157,"600867",0.000834675647971885,0.00143505637721482,0.00459803778005565,2.92868648411188e-05,0.000131790891785034,68290,1
1088,"600872",0.000522340532508017,0.00139942570474073,0.00267315448989397,2.79326487972201e-05,0.000553066446184959,358004,3
628,"600875",0.000261244394130709,0.00198545739539339,0.0093177167239953,6.96651717681891e-05,0.000113205904123307,114835,5
10086,"600877",0.000657540185413976,0.0025306029793543,0.00378266540489559,4.53658597721857e-05,0.000428239594581022,5665053,1
2899,"600881",0.000925847653781283,0.00200868686624722,0.00133644096111037,6.30649851126381e-05,0.00070310749359622,745263,3
1167,"600886",0.0012609798386519,0.00700703569432702,0.00413544069812429,0.000157622479831487,0.000730795133764168,348935,4
291,"600961",0.000858551267086617,0.00186180218592941,0.00218978806324339,0.000212226155909051,0.00020257951245864,103663,3
921,"600969",0.000843011875244682,0.00438992561659924,0.000707294793161947,0.000107007699334464,0.000151376745399974,383150,2
1397,"600970",0.000779181730846796,0.00347240046640902,0.00259421682152522,4.76675882400393e-05,0.0011311885363117,545444,2
985,"600971",0.000761920367032607,0.00229805013927577,0.00283467147304604,0.000180239226609864,0.000184335572669179,244120,2
1875,"600979",0.000195253017136636,0.0012606553497735,0.00057939210519893,2.65289425457385e-05,0.00011566618949942,942367,3
2751,"600985",0.001741087640582,0.00219548478553008,0.00195215649695747,0.000143784897792902,0.000170514141613377,1084954,2
195,"600992",0.000930307810540792,0.00258868260324394,0.00380212757351454,0.000161792662702746,0.000424705739594709,49446,1
1852,"600997",0.0010746290779806,0.00403294705701916,0.00207720448215025,0.000325270870346619,0.000547607920963296,485749,2
373,"601011",0.00145158009578579,0.00603746371049761,0.00293089739085412,0.000203406128071895,0.000563989718744799,108158,4
230,"601015",0.00182259109189775,0.00447363268011267,0.00320836283119191,0.000150627362966757,0.000436819352603594,66389,4
5790,"601016",0.000774726271556268,0.00587332504381991,0.00353184035562416,0.000317274347994004,0.000378133336563763,3467031,4
520,"601020",0.00126327056392896,0.00229628984280683,0.00103924228658195,0.00019291323882659,0.000603631747296103,160694,3
5297,"601106",0.000682523737985697,0.00270563689219204,0.00735525792174975,0.000109917397938675,0.000403414114947701,3475337,5
694,"601113",0.000500893420475945,0.00183982006367126,0.00206618535946327,7.70605262270685e-05,0.000245630427348781,207629,3
577,"601168",0.000846210124551553,0.00292647668074079,0.00128694456442215,0.00026444066392236,0.000467178506262836,113447,3
1059,"601179",0.000622906034624677,0.00225580971110508,0.0035639123838169,7.11892610999631e-05,0.000253611742668618,224753,1
175,"601206",0.000847868217054264,0.000393653100775194,0.00105983527131783,0,0.000817587209302326,33024,3
5637,"601216",0.00163775652296808,0.00545503166744952,0.00126364970300075,0.000263260354791823,0.000738514574231799,721719,2
355,"601225",0.00121040356626221,0.00487851681280076,0.00176394178254067,0.00011070764325569,0.00123992560446373,135492,2
828,"601233",0.00066006600660066,0.00386208833649322,0.00254546731268872,6.31978091426164e-05,0.000319500035109894,284820,2
399,"601313",0.00061295542588143,0.00218212131613789,0.00110331976658657,0,0.00142205658804492,40786,3
11190,"601600",0.000811244780511267,0.0042011696469568,0.00295283069258738,0.000118865541255747,0.000488251495411263,3987699,2
1921,"601608",0.000540550280185229,0.00377259049712607,0.00403160417304816,2.02706355069461e-05,0.000209463233571776,443992,1
446,"601636",0.000926048419103056,0.00276796890105529,0.00468112387678468,7.12344937771581e-05,0.000142468987554316,98267,1
971,"601677",0.000407046315004806,0.00264825313376621,0.00216764423171234,0.000127508484218373,7.35625870490613e-05,203908,2
268,"601700",0.000397623614164757,0.00175422182719746,0.000654909482153717,0,0.000140337746175796,42754,3
4649,"601958",0.000627864737136559,0.00186079310049506,0.0025553927964061,0.000223562111894505,0.000209102870826702,1798158,3
488,"601969",0.000624468537414966,0.000890199829931973,0.000438456632653061,3.9859693877551e-05,0.00060453869047619,150528,3
5873,"601992",0.00139972234182947,0.00523265832506667,0.0035691649551187,6.43550501990561e-05,0.000700284559402887,2361897,4
587,"603011",0.000605567660312164,0.00146048671016463,0.00509389267203762,2.37477513847908e-05,0.000374027084310454,168437,1
288,"603088",0.000254366627098525,0.00241648295743598,0.00245887739528574,0,4.23944378497541e-05,23588,2
254,"603169",0.00111362019364618,0.00230973077200689,0.00618677885358988,0.00017529206751838,0.000381518029304709,96981,1
201,"603188",0.00108617113022399,0.00198587511362842,0.000452182831037457,6.99251800573386e-05,0.00110015616623546,214515,3
2766,"603299",0.000743072597746063,0.00334010388125134,0.00239451049534202,0.00011466250506302,0.000363346119939959,671536,2
1356,"603399",0.000517204539418375,0.00355852698549631,0.00131797295759122,0.000173732798955207,0.000331490168121429,500769,2
158,"603456",0.000711448390348017,0.00337937985415308,0.0028161498784609,0,0.000207505780518172,33734,2
473,"603566",0.00121981320045358,0.00275083973943932,0.00388122381962504,3.21944832964289e-05,0.000189589734967859,279551,1
248,"603658",0.000650618087182824,0.000180727246439673,0.00112050892792597,0,0.000253018145015543,27666,3
359,"603718",0.00043745851686478,0.00108610390394014,0.00131237555059434,0,7.54238822180655e-05,66292,3
1354,"603798",0.000399776375090184,0.00235180945658522,0.00103691997289016,5.93418056774492e-05,0.000306078787178422,320179,3
223,"603866",0.000114487211778444,0.000549538616536533,0.000915897694227555,0,2.28974423556889e-05,43673,3
173,"603968",0.000515264717248486,0.000708488986216669,0.000386448537936365,0.000257632358624243,0,15526,3
799,"603979",0.000734886605287765,0.00186529357621214,0.00247810599457502,0.000107425284493893,0.000166020894217834,409587,3
499,"603998",0.000406549861136282,0.000641663033841602,0.00173885783979976,4.8981910980275e-06,0.000421244434430365,204157,3
